Nome do negócio,Nome do contato no negócio,Qual feature está indisponível,Motivo fechamento perdido,Data entrada perdido SDR,Data entrada perdido CLOSER,Número de lojas,Observação,Observações de atividades
Netão Bom Beef,,,Parou de responder,,2024-12-06T15:35:24.277Z,70,"Curtiu primeira conversa, saiu de férias, tentar agendar em seu retorno uma apresentação formal","Primeira reunião com Renato, foi ótima, disse que nas hamburguerias estão usando um software que integra com um totem de auto atendimento, esse processo de auto atendimento é fundamental para a operação. Quer fazer um teste nos açougues, um franqueado até desenvolveu um sistema pois o Totvs chef é muito limitado. Usam hoje nos açougues p Totvs chef e o solution, quer migraar e gostou da proposta 360 do Nola. Pediu uma reuniao de apresentação para o COO da operação. | Realizei a reunião com o COO Carlos, foi mais frio, disse que nosso sistema se assemelha ao e-deploy que usam nas hamburguerias, faz sentido testar em açougues mas nao senti ele comprado com a proposta como foi o Renato."
OakBerry,,,Não é prioridade,,2025-06-06T17:35:40.103Z,300,"Gostou muito, apresentar para mais 2 pessoas e iniciar piloto no RJ","Sidney vai conversar com o CEO quarta feira 11/09 | Em stand by, passou por uma conversa com o Sidney, só vai retomar a conversa depois ede ter um head de tecnologia para auxiliar na migração | Mandei mensagem para retomarmos a conversa"
Mana Poke,,,,,2024-09-09T18:17:05.807Z,64,"Sócios não querer mudar sistema, mas Franco acaba contrato ano que vem, voltar a falar fim do ano",
Coxinha no pote,,Emissão de DANFE / NF,Não é prioridade,,2025-05-06T17:26:25.716Z,40,Pedro vai apresentar para socios e passar feedback / proximos passos,"https://api.whatsapp.com/send?phone=558179015000 | Faturamento 50 a 60k tem 30 e poucas lojas atendimento balcão e ifood usam PDV Legal, Livio é o CEO - Pedro esta virando sócio Pedro pediu pra fazer uma apresentação breve antes de começarmos. Usam Sults para franquias e PDV Legal para vendas - 200 reais PDV e 50,00 por loja no Sults. Viu valor, mas o custo assustou. Nosso diferencial ficaria no financeiro, estoque, pessoas e metas, que nao fazem no processo atual Precisa de emissão de Nota, vende Royalties, marketing, embalagens e tem que controlar essas vendas tb"
Porto do Sabor,,,,,2024-09-09T18:17:05.822Z,35,"Acabaram de fechar contrato de 2 anos com Lynx e Sults, mas curtiram o Nola",
Barneys Burguer,,,,,2024-09-09T18:17:05.830Z,16,"Falou que socios seguiram com outro sistema, nao tivemos oportunidade de apresentar para eles",
San Paolo,,Auto Atendimento;Totem;Fidelidade;Smart POS GetNet,Feature indisponível,,2025-06-03T12:51:55.400Z,57,Aguardando oportunidade para iniciar um piloto,
Grupo Trigo,,,Não é prioridade,,2025-05-06T17:26:00.187Z,600,"Sidney mandou mensagem, vamos abordar pra vender retaguarda integrada ao GCOM",
Graviola,,,Empresa Encerrada,,2025-04-02T16:47:45.592Z,12,Aguardando loja para fazer piloto,
Grupo Rão,,,,,2024-09-09T18:17:05.845Z,150,Não vai andar,
Cabana Burger,,,Não é prioridade,,2024-09-16T11:54:26.613Z,25,Proximo passo - papo presencial Sidney e socios em SP,
Konioka,,,Não é prioridade,,2024-10-30T11:38:16.904Z,30,"Marca esta indo mal, problemas societarios",
Usina Burger,,,,,2024-09-09T18:17:06.097Z,6,"Já tinham assinado com central do franqueado, estão com 1 ano de fidelidade",
TT Burger,,,Esta satisfeito com o sistema atual,,2024-11-14T09:28:17.783Z,,,
Parmê,,,Parou de responder,,2026-01-06T20:37:19.078Z,,,
Banana Food,,,Vetado por decisão interna,,2025-07-01T20:27:17.112Z,7,,
Umas e Ostras,,Emissão de DANFE / NF,Budget,,2024-11-18T12:44:56.146Z,1,,
Hamburgueria Romeu e Julieta,,Auto Atendimento;Auto Atendimento - QR Code;Relação Comanda x Mesa,Feature indisponível,,2025-09-29T12:40:51.534Z,1,,
Stonia e Milkylab,,,No Show sequenciado,,2025-05-06T12:28:13.404Z,27,,
Tio Tomate,,Cardápio Digital,Feature indisponível,,2024-10-21T11:48:06.125Z,2,,
Bobs,,,,,2024-10-03T15:10:54.732Z,,,
Hedonê Nutritiva,,,,,2024-10-08T14:08:44.504Z,1,,
LeMax -,,,Fechou com concorrente,,2024-11-19T14:39:14.961Z,,,
Cabana,,,Não quis ouvir,,2025-06-06T17:36:22.914Z,,,
Massa Finna,,,Feature indisponível,,2025-07-01T20:13:08.822Z,1,,
Nema - Ipanema,,,Vetado por decisão interna,,2025-06-03T12:00:18.858Z,25,,
Pizza Anapolis,,Impressão em etiqueta;Transferencia de mercadoria entre lojas;Relatório Motoboy Impresso;CRM - Disparo de campanha,Parou de responder,,2026-01-06T20:37:05.281Z,9,,
Barraca do Pepê,,SmartPOS,Feature indisponível,,2024-11-14T09:26:24.207Z,,,
Brivino Brigaderia,,SmartPOS;Cardápio Digital;Agendamento de pedidos / Encomendas,Não é prioridade,,2025-10-01T14:35:47.091Z,1,,
LE MARMITÊ,,,Faturamento abaixo da SLA,,2024-10-17T12:36:36.170Z,1,,
Bistrô 8000,,,Faturamento abaixo da SLA,,2024-10-17T12:37:38.871Z,1,,
MOOVI,,,Faturamento abaixo da SLA,,2024-10-17T12:37:19.752Z,1,,
Restaurante Seu ciço,,,Não é prioridade,,2024-10-21T11:49:05.954Z,1,,
Sr Shiitake - Jardim Sao Luiz,,,No Show sequenciado,,2025-05-06T16:55:39.024Z,4,,
Sr Shiitake - Vila Amélia,,,No Show sequenciado,,2025-05-06T16:55:12.807Z,4,,
Sheesh burger,,Auto Atendimento;SmartPOS;Cardápio Digital;Totem;Fidelidade;SmartPOS Balcão,Parou de responder,,2025-07-01T20:11:30.102Z,,,
Padaria Ms Boulanger - Santana,,,Não tem Restaurante,,2024-10-24T11:13:32.662Z,0,,
Gurupi Restaurante - Vila Itatiaia,,,Não é prioridade,,2024-11-01T18:07:40.786Z,1,,
Sushi Japa,,Balança;Cardápio Digital;Auto Atendimento;Relação Comanda x Mesa,Feature indisponível,,2024-11-01T18:05:42.358Z,15,,
Pimenta Pasteis,,Integração;Cardápio Digital;Relação Comanda x Mesa;Auto Atendimento,Integração com outras plataformas,,2025-07-01T20:10:42.576Z,7,,
Gauchinho Churrascaria e Pizzaria,,Balança;Catraca;Cardápio Digital,Já é Cliente,,2025-06-17T12:35:57.112Z,2,,
Bulldog Burguer - Ferrovia Pizza,,Ficha Tecnica unificada por marca;Relatórios CMV - por produto;Transferencia de mercadoria entre lojas;Integração,Parou de responder,,2025-09-01T17:47:12.295Z,9,,
MyCost,,SmartPOS;Totem;Cardápio Digital;Auto Atendimento;Uso Offline,Feature indisponível,,2025-05-06T18:06:38.501Z,25,,
Negócios Glauco,,,Não quis ouvir,,2024-10-30T11:37:03.168Z,6,,
Rede JK - Padoka,,Catraca;Leitor código de barras,Feature indisponível,,2024-11-14T09:20:13.768Z,5,,
Staff Food,,,No Show sequenciado,,2025-05-06T16:53:54.245Z,0,,
Tijolada,,,No Show sequenciado,,2025-05-06T16:53:39.813Z,1,,
Adega,,Leitor código de barras;Relação Comanda x Mesa,Feature indisponível,,2024-11-01T18:05:03.295Z,1,,
Delicias de Tiradentes,,,Sem contato,,2025-01-08T17:21:37.724Z,,,
Waipoke,,Cardápio Digital,Esta satisfeito com o sistema atual,,2025-06-30T17:37:54.873Z,3,,
Chavantes Grill,,Balança,Feature indisponível,,2024-11-14T09:23:50.449Z,2,,
Mora Burger,,Relatório / Alerta estoque mínimo,Vetado por decisão interna,,2024-12-06T15:20:53.885Z,2,,
Na Lenha,,,,,2024-11-11T11:50:12.060Z,,,
Confeitaria Isabela Almeida,,Cardápio Digital;Integração,Budget,,2025-07-17T13:22:56.920Z,2,,
Brasa de chão,,Cardápio Digital;Calculadora de Precificação,Feature indisponível,,2024-11-19T19:21:21.138Z,1,,
O BROWNIEST DOCERIA LTDA,,,No Show sequenciado,,2025-05-06T16:52:44.154Z,1,,
Gatito Café Bar,,Auto Atendimento - QR Code,Feature indisponível,,2025-11-11T17:14:23.097Z,1,,
Barbirô,,Relação Comanda x Mesa,Feature indisponível,,2025-05-06T17:28:40.351Z,1,,
Amelie Casa Shopping,,SmartPOS,Feature indisponível,,2024-11-18T13:34:43.210Z,,,
Cresco Burger,,,No Show sequenciado,,2025-05-06T16:51:08.152Z,1,,
Porto Burger,,,No Show sequenciado,,2025-05-06T16:50:55.073Z,1,,
Rio Novo drinks e restaurante,,,Limpeza de Funil,,2025-01-16T11:56:53.622Z,1,,
Epico Café,,Smart POS GetNet,Feature indisponível,,2025-05-06T12:26:50.252Z,,,
Cervejaria Liberte,,SmartPOS;Integração;Auto Atendimento - QR Code;Emissão de DANFE / NF,Não quis ouvir,,2025-06-06T17:38:43.444Z,1,,
Guia Chef,,,No Show sequenciado,,2025-05-06T16:51:29.166Z,0,,
Padaria Benincasa,,Leitor código de barras,Feature indisponível,,2025-05-06T17:29:14.782Z,6,,
Pizza do Jegue - Gass,,,No Show sequenciado,,2025-05-06T12:27:25.770Z,1,,
Lilah,,,Não é prioridade,,2025-06-06T17:40:07.845Z,1,,
Bigg`s e Isaias,,Cardápio Digital;Auto Atendimento;Totem;Fidelidade;Integração,Parou de responder,,2025-09-24T15:16:35.830Z,14,,
Benedere Alimentação Saudável,,Agendamento de pedidos / Encomendas;Integração,Feature indisponível,,2024-12-10T12:29:24.429Z,1,,
Chalé Restaurante,,,Limpeza de Funil,2025-04-24T19:16:54.177Z,2025-10-27T18:19:00.595Z,1,,
Rota 55 Lanches,,Cardápio Digital;Integração,Esta satisfeito com o sistema atual,,2025-07-16T21:44:54.793Z,2,,
Mãe Nobre,,,Sem contato,,2025-06-06T17:40:51.823Z,5,,
Aroeira Restaurante,,,Parou de responder,,2025-07-29T17:26:07.324Z,2,,
Smart Burger,,,Não é prioridade,,2025-01-07T18:11:07.884Z,1,,
Raiz,,,Parou de responder,,2025-05-15T17:52:42.537Z,4,,
Walking Street Burguer,,,No Show sequenciado,,2025-05-06T16:49:52.055Z,1,,
Mar a Fora,,,Fechou com concorrente,,2025-03-12T19:09:26.916Z,1,,
Vegas Food - Gass,,Cardápio Digital,Feature indisponível,,2024-12-11T20:32:54.140Z,,,
Boteco de mae,,,Parou de responder,,2025-07-29T17:29:42.767Z,2,,
Tempero 85,,,No Show sequenciado,,2025-05-06T16:49:32.067Z,1,,
La Bella Pizzaria,,Auto Atendimento - QR Code;Relação Comanda x Mesa;Controle de validade - Estoque;Relatório / Alerta estoque mínimo;Cardápio Digital,Feature indisponível,,2025-07-29T17:33:33.354Z,2,,
Kharimas Esfiharia,,,Fechou com concorrente,,2025-10-22T13:47:41.396Z,1,,
El Padre Floripa,,,No Show sequenciado,,2025-05-06T16:49:01.139Z,3,,
La Carioca,,SmartPOS;Cardápio Digital;Fidelidade;Relatórios CMV - por produto,Parou de responder,,2025-07-01T20:09:37.702Z,3,,
Chaves Confeitaria e restaurante,,,Empresa Encerrada,,2024-12-27T13:19:33.468Z,2,,
Toffs,,,No Show sequenciado,,2025-05-06T16:48:28.613Z,1,,
DeliciarTe,,,Limpeza de Funil,,2025-01-08T17:20:53.476Z,1,,
Negócios Adriana,,SmartPOS;Integração;Relação Comanda x Mesa,Feature indisponível,,2024-12-19T12:39:32.303Z,5,,
Sushi Ponta Negra,,Fidelidade;Integração,Já é Cliente,,2025-07-01T20:09:20.132Z,9,,
Grano Pizzeria,,,Limpeza de Funil,,2025-01-08T17:20:34.140Z,1,,
Terrapí,,,No Show sequenciado,,2025-05-06T12:25:22.473Z,1,,
Mr jow comerciobde alimentos,,,Limpeza de Funil,,2025-01-13T17:01:12.571Z,1,,
Cantinho carioca,,,Limpeza de Funil,,2025-01-09T15:45:52.080Z,1,,
Massa Nostra & Taubaté Express,,,Parou de responder,,2025-06-06T17:42:10.127Z,2,,
thie sushi,,,Limpeza de Funil,,2025-01-09T12:54:15.700Z,1,,
Cervejaria Felsen,,Transferencia de mercadoria entre lojas;Smart POS PagBank;Emissão de DANFE / NF;Relação Comanda x Mesa,Não é prioridade,,2025-10-02T12:05:20.036Z,5,,
Gardens Good Food e Melting Burgers,,,Parou de responder,,2025-07-29T17:49:03.361Z,3,,
Tê bar de quintal,,,Limpeza de Funil,2025-05-09T17:52:28.325Z,2025-05-09T17:58:16.314Z,,,
Panzeroni - Fatima,,Relatório / Alerta estoque mínimo;Integração;Robô de Whatsapp - pedidos;Totem;Pesquisa de Satisfação com Cliente;CRM - Disparo de campanha;Modulo Estoque Apartado;Modulo Financeiro Apartado;Fidelidade,Feature indisponível,,2025-09-08T12:49:50.259Z,2,,
Panzeroni - Iguatemi,,Integração;Totem;Fidelidade;Pesquisa de Satisfação com Cliente;Controle de validade - Estoque;CRM - Disparo de campanha;Robô de Whatsapp - pedidos;Relatório / Alerta estoque mínimo;Modulo Estoque Apartado;Modulo Financeiro Apartado,Feature indisponível,,2025-09-08T12:51:39.524Z,2,,
Luar do Canal,,,No Show sequenciado,,2025-05-06T12:24:08.532Z,,,
In,,,Limpeza de Funil,,2025-05-09T17:58:16.314Z,,,
Phoenix boliche,,,Limpeza de Funil,2025-02-05T17:13:41.684Z,2025-10-27T18:19:00.595Z,,,
Sorvetes real,,,Não é prioridade,,2025-04-29T19:26:07.775Z,2,,
Churrascaria Sirva-se Bem,,,Faturamento abaixo da SLA,,2025-03-07T19:36:52.021Z,1,,
Servnutre - Fábrica de Salgados,,,Limpeza de Funil,2025-02-21T17:46:59.608Z,2025-10-27T18:19:00.595Z,,,
Premiatta Pizza,,SmartPOS,Feature indisponível,,2025-03-11T13:02:19.409Z,,,
Colucci Pizzaria,,,Esta satisfeito com o sistema atual,,2025-05-28T19:23:01.930Z,1,,
Brigadelicia brigaderia,,Agendamento de pedidos / Encomendas,Feature indisponível,,2025-02-27T23:42:18.978Z,1,,
Sorvetes real,,,Fechou com concorrente,,2025-04-09T18:16:32.037Z,2,,
By Cuca Restaurante,,,Parou de responder,,2025-05-14T21:01:37.371Z,1,,
Pastel da Gare/Subway,,,Vetado por decisão interna,,2025-09-29T12:56:38.915Z,4,,
Vilamore,,,Parou de responder,,2025-06-06T17:43:58.772Z,1,,
Seu Nelson na Brasa,,,Parou de responder,,2025-04-09T18:24:35.575Z,3,,
Bar Candreva,,,Parou de responder,,2025-04-09T18:29:37.056Z,5,,
Sertão Xique-Xique,,,Parou de responder,,2025-04-28T00:21:40.055Z,2,,
Varanda café bistrô,,,Não é prioridade,,2025-12-03T22:30:42.205Z,1,,
Tropeiros bar e restaurante,,,Parou de responder,,2025-04-09T18:46:07.171Z,1,,
Renewh,,,Vetado por decisão interna,,2025-03-10T20:17:38.541Z,1,,
RESERVA Gourmet,,,Budget,,2025-03-12T13:18:11.234Z,1,,
Saint Sanpe Sushi Delivery,,,Limpeza de Funil,,2025-05-09T17:58:16.314Z,,,
Ilha,,Auto Atendimento - QR Code,Feature indisponível,,2025-03-25T13:20:32.023Z,1,,
Casa Catarino,,,Limpeza de Funil,,2025-05-09T17:58:16.314Z,,,
Impettus,,,Fechou com concorrente,,2025-06-06T17:45:30.690Z,80,,
Super Rango,,,Esta satisfeito com o sistema atual,,2025-06-18T19:25:06.508Z,1,,
teste,,,Teste,,2025-03-25T17:50:17.305Z,0,,
Mafelô,,,Fechou com concorrente,,2025-03-14T14:10:56.205Z,1,,
Cidinha Bolos,,Emissão de DANFE / NF,Feature indisponível,,2025-03-20T19:30:11.947Z,1,,
Pasteis Takeda,,,Não é prioridade,,2025-03-14T14:05:45.188Z,5,,
Mania de Grelhados,,,Esta satisfeito com o sistema atual,,2025-06-19T14:49:30.877Z,4,,
Lanchonete Hamburgão,,,Não é prioridade,,2025-03-18T17:07:47.657Z,1,,
Mash Mash Burguer,,,Fechou com concorrente,,2025-03-19T20:10:20.650Z,1,,
Ideal Light,,Agendamento de pedidos / Encomendas;Controle de validade - Estoque;Relatório / Alerta estoque mínimo,Feature indisponível,,2025-06-19T14:48:05.929Z,3,,
Rustic restobar,,,Vetado por decisão interna,,2025-03-20T13:36:33.861Z,1,,
Lá no dom sanduíches especiais,,,Limpeza de Funil,,2025-05-09T17:58:16.314Z,,,
A Bolaria,,,Limpeza de Funil,,2025-05-09T17:58:16.314Z,,,
SushiAqui!,,,Limpeza de Funil,,2025-05-09T17:58:16.314Z,,,
Rei da Chapa,,,Limpeza de Funil,,2025-05-09T17:58:16.314Z,,,
Valioso Burguer,,,Limpeza de Funil,,2025-05-09T17:58:16.314Z,,,
DISTRIBUIDORA DJUZAO,,,Limpeza de Funil,,2025-05-09T17:58:16.314Z,,,
Deliciê Gourmet Doceria,,,Limpeza de Funil,,2025-05-09T17:58:16.314Z,,,
Brooklyn Delivery,,,Limpeza de Funil,,2025-05-09T17:58:16.314Z,,,
Brooklyn Burguer e Hotdog,,,Limpeza de Funil,,2025-05-09T17:58:16.314Z,,,
VF DISTRIBUIDORA DE BEBIDAS E COMERCIO EM GERAL,,,Limpeza de Funil,,2025-05-09T17:58:16.314Z,,,
Castelo dos Piratas,,,Limpeza de Funil,,2025-05-09T17:58:16.314Z,,,
Kammoro's Portion House,,,Limpeza de Funil,,2025-05-09T17:58:16.314Z,,,
JL Distribuidora De Bebidas,,,Limpeza de Funil,,2025-05-09T17:58:16.314Z,,,
Santuário da Pamonha,,,Limpeza de Funil,,2025-05-09T17:58:16.314Z,,,
Santa Marta Pizzas+,,,Não é prioridade,,2025-03-28T11:31:41.450Z,3,,
Prime marmitaria Fit/Spalha sabor ,,,Budget,,2025-05-14T21:02:36.796Z,2,,
Massagueirinha Piranhas,,,Vetado por decisão interna,,2025-03-13T19:26:55.861Z,1,,
vrrefeicoes.com.br,,,Parou de responder,,2025-03-26T21:10:31.016Z,1,,
Super Mario lanches,,,Parou de responder,,2025-06-06T17:46:09.286Z,1,,
Sabor Caseiro,,Emissão de DANFE / NF;Smart POS PagBank,Feature indisponível,,2025-03-27T17:20:09.178Z,2,,
Restaurante Dona Tereza,,,Budget,,2025-05-09T14:20:50.204Z,1,,
O Pajé - culinaria à beira mar,,,Parou de responder,,2025-05-20T14:31:25.105Z,2,,
ML Foods,,,Limpeza de Funil,,2025-03-24T19:54:23.130Z,2,,
 Fabio Burger,,,Fechou com concorrente,,2025-03-28T14:24:39.893Z,1,,
NutriSun,,,Faturamento abaixo da SLA,,2025-03-18T19:17:50.731Z,1,,
Dom Helddr,,,Limpeza de Funil,2025-03-31T13:52:13.077Z,2025-10-27T18:19:00.595Z,,,
Chef Paprika,,,Budget,,2025-04-11T21:07:17.570Z,1,,
Adelso Buffet e Restaurante,,Smart POS PagBank;Cardápio Digital;Auto Atendimento - QR Code;Agendamento de pedidos / Encomendas;Reserva de mesas;Emissão de DANFE / NF,Feature indisponível,,2025-07-09T18:54:55.065Z,1,,
Estrada do Açaí e Burger,,Cardápio Digital,Feature indisponível,,2025-03-25T17:16:23.921Z,1,,
Brasa & Cia Churrascaria,,,Esta satisfeito com o sistema atual,,2025-04-14T18:50:05.466Z,1,,
Maná pizzaria e bistrô,,,Parou de responder,,2025-05-09T14:20:32.190Z,1,,
NO BARZINHO SPORT BAR LTDA,,SmartPOS,Feature indisponível,,2025-04-11T21:06:19.841Z,1,,
Vini Figueira,,CRM - Disparo de campanha,Feature indisponível,,2025-05-09T13:45:04.618Z,2,,
brotherd,,,Parou de responder,,2025-06-06T17:47:03.388Z,1,,
Madalena Hamburgueria Artesanal,,,Limpeza de Funil,,2025-05-09T17:58:16.314Z,,,
Viva Pâtisserie,,,Parou de responder,,2025-05-09T14:20:18.520Z,1,,
Erika,,,Limpeza de Funil,,2025-05-09T17:58:16.314Z,,,
Rango de Planta,,,Esta satisfeito com o sistema atual,,2025-04-07T12:24:26.988Z,1,,
Negócio de Pedro Maduro,,Auto Atendimento - QR Code,Feature indisponível,,2025-04-03T16:54:04.038Z,1,,
Chun-Li Food,,,Limpeza de Funil,,2025-05-09T17:58:16.314Z,,,
Shadow Wolf Beer Spot,,,Esta satisfeito com o sistema atual,,2025-04-07T12:13:55.684Z,1,,
Elas Vida leve,,,Budget,,2025-04-03T16:51:42.276Z,1,,
Don Diovani Pizza Artesanal,,Integração,Feature indisponível,,2025-04-01T15:00:13.094Z,2,,
Lgr,,,Não é prioridade,,2025-05-09T13:42:28.251Z,2,,
Café com letras fernando de noronha,,,Parou de responder,,2025-05-20T14:29:24.559Z,1,,
RR Lanches,,,Parou de responder,,2025-06-06T17:48:39.672Z,7,,
Consagrado's - Brew Garden,,,Esta satisfeito com o sistema atual,,2025-05-07T16:54:57.741Z,1,,
teste,,,Teste,,2025-04-02T16:46:08.339Z,,,
Macuna arte,,SmartPOS,Feature indisponível,,2025-03-31T19:31:54.536Z,1,,
Ai Calica Burguer,,Smart POS PagBank;Cardápio Digital;Robô de Whatsapp - pedidos,Fechou com concorrente,,2025-10-22T13:50:05.031Z,1,,
Dona Chocólatra,,,Parou de responder,,2025-06-06T17:49:15.185Z,1,,
Saj,,,Vetado por decisão interna,,2025-04-03T16:50:43.576Z,6,,
Bendito Trigo,,,Parou de responder,,2025-06-06T17:49:51.795Z,1,,
Zenpo Japanese Food,,,Parou de responder,,2025-05-09T14:14:58.909Z,1,,
Villa Premium,,,Esta satisfeito com o sistema atual,,2025-07-16T21:28:59.116Z,1,,
Café Helene BH,,Auto Atendimento,Feature indisponível,,2025-04-11T17:56:40.364Z,2,,
Prosa,,,Esta satisfeito com o sistema atual,,2025-09-30T19:07:22.158Z,2,,
Dieta Prática,,Emissão de DANFE / NF,Feature indisponível,,2025-05-09T13:40:10.938Z,1,,
[Teste] Gabriel Pacheco Lanches,,,Teste,,2025-04-08T19:33:50.498Z,,,
Gabriel Pacheco Lanches,,,Teste,,2025-04-08T19:33:50.659Z,,,
Dom Quixote,,,Budget,,2025-05-28T14:47:48.056Z,1,,
JAPA BOX - Delivery Culinária Oriental,,,Budget,,2025-05-09T14:11:20.094Z,2,,
NYS Coffee Shop,,CRM - Disparo de campanha,Feature indisponível,,2025-05-09T13:39:17.874Z,1,,
Lanchão do Boss,,,Não é prioridade,,2025-05-09T14:09:14.217Z,1,,
GuiGui Pizzas Mooca,,Auto Atendimento - QR Code,Feature indisponível,,2025-05-09T14:07:34.954Z,1,,
Afethu Cosina,,,Budget,,2025-05-09T14:06:36.026Z,3,,
Lar de Mainha,,Smart POS PagBank;Cardápio Digital;Relação Comanda x Mesa;Robô de Whatsapp - pedidos,Fechou com concorrente,,2025-05-26T19:32:48.190Z,1,,
Recanto do queijo,,,Não é prioridade,,2025-05-09T14:05:11.931Z,1,,
Mister Frango,,,Esta satisfeito com o sistema atual,,2025-06-17T18:55:42.394Z,1,,
Don aurelio,,Totem;Auto Atendimento;Auto Atendimento - QR Code,Feature indisponível,,2025-06-06T17:50:32.990Z,5,,
CH Food Park,,,Parou de responder,,2025-06-30T17:35:33.294Z,1,,
Cabana,,,Budget,,2025-06-03T12:24:19.646Z,3,,
Alfredo'Ro e Forneria Alfredo'Ro,,SmartPOS Balcão;Cardápio Digital;Auto Atendimento - QR Code;Fidelidade;Reserva de mesas;Integração;Emissão de DANFE / NF;Relação Comanda x Mesa;Controle de validade - Estoque;Transferencia de mercadoria entre lojas;DFC;Relatório / Alerta estoque mínimo;SmartPOS,Feature indisponível,,2025-05-26T19:28:07.025Z,2,,
Padaria Toscana,,,Não tem Restaurante,,2025-09-29T15:07:19.984Z,1,,
Cantina Volpi,,Smart POS Cielo,Feature indisponível,,2025-07-16T20:14:16.529Z,5,,
La Ursa,,,Não é prioridade,,2025-05-09T14:01:40.012Z,1,,
Toque de Mar,,Emissão de DANFE / NF,Feature indisponível,,2025-05-09T13:48:03.644Z,1,,
Moqueca Sergipana,,Smart POS GetNet,Feature indisponível,,2025-05-09T13:59:50.386Z,1,,
Estação Grill,,,Não quis ouvir,,2025-05-29T19:13:12.762Z,1,,
Trevos,,,Parou de responder,,2025-06-06T17:55:47.944Z,1,,
Gardenbier,,,Sem contato,,2025-06-06T17:55:34.088Z,1,,
Évora Gastronomia,,,Não é prioridade,,2025-06-06T17:55:21.740Z,1,,
Arena beach bar,,,Limpeza de Funil,,2025-10-27T18:19:00.595Z,,,
Macarrao da Hora,,Cardápio Digital;Auto Atendimento - QR Code,Parou de responder,,2025-06-06T17:54:31.141Z,1,,
Artesano cozinha,,,Não quis ouvir,,2025-06-06T17:54:22.782Z,1,,
Mangata Gastronomia,,,Budget,,2025-06-03T12:23:33.449Z,2,,
BRZ Fruits Açaí Puro da Amazônia,,,Budget,,2025-07-16T20:20:16.165Z,1,,
Sr. Grão Cafeteria,,,Não é prioridade,,2025-04-29T17:44:01.451Z,3,,
Nhack - Sabores do Mundo,,,Parou de responder,,2025-06-06T17:54:00.347Z,1,,
Massagueirinha Maragogi-AL,,,Parou de responder,,2025-10-22T13:51:46.878Z,,,
Osteria,,,Limpeza de Funil,2025-07-22T17:51:40.866Z,2025-10-27T18:19:00.595Z,,,
Bar e Cozinha Ponto Zero,,,Budget,,2025-05-09T13:54:03.632Z,1,,
Explorer bar,,,Esta satisfeito com o sistema atual,,2025-06-02T18:03:58.470Z,1,,
Ô Açaí,,,Parou de responder,,2025-06-06T17:53:51.510Z,3,,
Dghuts Grill e Pinwei,,Modulo Financeiro Apartado,Feature indisponível,,2025-06-19T14:19:45.950Z,4,,
Dicco,,,Limpeza de Funil,,2025-06-03T12:26:31.169Z,1,,
Casa Premium Rotisserie & Cafe,,,Não quis ouvir,,2025-06-02T18:04:11.598Z,1,,
Quintal da tomy,,,Parou de responder,,2025-06-03T12:22:49.842Z,1,,
Dona docitos ,,,Parou de responder,,2025-05-26T19:57:32.770Z,1,,
Marapendi ECOLOUNGE,,SmartPOS;Smart POS PagBank,Não é prioridade,,2025-06-06T17:53:39.393Z,1,,
Renan Teste,,,Teste,,2025-06-30T17:24:32.195Z,,,
Teste Pacheco 2,,,Esta satisfeito com o sistema atual,,2025-05-09T14:59:41.722Z,,,
Carbonito,,,Não é prioridade,,2025-09-29T12:33:55.984Z,1,,
Feijão da Vila,,,Limpeza de Funil,2025-08-14T17:29:18.606Z,2025-10-27T18:19:00.595Z,,,
Bari Pizza & Pasta - Centro,,,Budget,,2025-07-16T21:19:58.810Z,1,,
piratas hot dog,,,Não é prioridade,,2025-06-05T18:47:14.149Z,2,,
Nola Sistema,,,,,2025-05-12T20:43:44.697Z,,,
super grill express,,Senha Numérica;Relatório / Alerta estoque mínimo;Uso Offline,Feature indisponível,,2025-06-19T13:27:21.098Z,11,,
Seu edson bar,,,Parou de responder,,2025-06-06T17:31:08.269Z,2,,
Schornstein Shopping H,,SmartPOS Balcão;Auto Atendimento - QR Code,Feature indisponível,,2025-10-01T18:21:14.798Z,2,,
Doces Martini,,Cardápio Digital;Agendamento de pedidos / Encomendas;Emissão de DANFE / NF;Pesquisa de Satisfação com Cliente;CRM - Disparo de campanha;Robô de Whatsapp - pedidos;Relatório / Alerta estoque mínimo;Integração,Feature indisponível,,2025-10-09T13:31:57.360Z,1,,
Shiroiki - Flora Ville,,Auto Atendimento;Fidelidade;Integração;Relação Comanda x Mesa;Controle de validade - Estoque;CRM - Disparo de campanha;DFC;Robô de Whatsapp - pedidos;Relatório / Alerta estoque mínimo,Feature indisponível,,2025-05-28T19:55:11.899Z,2,,
Empório do bolo,,,Não é prioridade,,2025-05-30T18:05:15.582Z,1,,
Go Juice - Natural Food,,Fidelidade,Feature indisponível,,2025-06-03T12:27:24.865Z,1,,
Meraki pizzaria,,,Parou de responder,,2025-05-26T19:52:44.621Z,2,,
Boss hamburgueria,,,Fechou com concorrente,,2025-05-27T13:43:26.493Z,1,,
Bebedouro,,,Esta satisfeito com o sistema atual,,2025-06-05T18:49:52.279Z,2,,
Flutuante Restaurante,,Smart POS Cielo;Integração;Controle de validade - Estoque;Relatório / Alerta estoque mínimo,Feature indisponível,,2025-05-26T14:16:59.448Z,2,,
Delícias da Naty,,,Esta satisfeito com o sistema atual,,2025-10-22T13:55:10.082Z,1,,
Suspire Doceria,,Controle de validade - Estoque;Relatório / Alerta estoque mínimo,Feature indisponível,,2025-06-03T11:51:30.410Z,1,,
Caule Cozinha Saudável,,,Budget,,2025-06-06T17:30:40.029Z,1,,
Don crepe gourmet,,,Parou de responder,,2025-06-06T17:29:22.775Z,2,,
N1 Chicken Cuiabá,,,Já é Cliente,,2025-06-13T15:36:08.738Z,,,
N1 Chicken,,,Já é Cliente,,2025-06-13T15:36:08.738Z,,,
Dom Guilherme,,,Fechou com concorrente,,2025-06-17T18:20:15.244Z,1,,
Fraters Pub,,,Parou de responder,,2025-10-09T13:32:39.725Z,1,,
Salgado Docinho,,,Não é prioridade,,2025-09-29T15:26:19.564Z,1,,
Delicioca,,,Fidelidade com outro sistema,,2025-06-19T13:06:53.775Z,1,,
Empório Souza ,,,Fechou com concorrente,,2025-07-16T20:37:44.311Z,1,,
Coco Pimenta,,,Parou de responder,,2025-10-09T13:32:57.609Z,1,,
Made By Nina,,,Fechou com concorrente,,2025-06-18T19:37:58.503Z,1,,
La Cuccina,,,Fechou com concorrente,,2025-07-03T13:37:13.840Z,1,,
Zimmerblaubc,,,Limpeza de Funil,2025-07-22T17:47:18.888Z,2025-10-27T18:19:00.595Z,,,
Restaurante Sabor de Lá ,,,Não é prioridade,,2025-06-19T12:57:56.414Z,1,,
Caxanga restaurante,,,Esta satisfeito com o sistema atual,,2025-10-09T13:11:41.966Z,1,,
Milazzo Contemporaneo LTDA,,,Parou de responder,,2025-10-22T13:56:11.789Z,1,,
lanchonetes lual lanches,,,Fechou com concorrente,,2025-10-02T15:05:44.354Z,4,,
Alfredo'Ro,,Calculadora de Precificação;Emissão de DANFE / NF;Relação Comanda x Mesa;CRM - Disparo de campanha;Transferencia de mercadoria entre lojas;Relatório / Alerta estoque mínimo;Modulo Financeiro Apartado,Feature indisponível,,2025-06-16T13:23:26.192Z,1,,
Mister sushi,,,Esta satisfeito com o sistema atual,2025-06-13T15:03:47.367Z,2025-06-18T19:54:22.891Z,1,,
Lindi Petiscaria Japonesa,,Relatório Motoboy Impresso;Integração,Feature indisponível,,2025-07-16T20:39:05.396Z,1,,
ar rest,,,Não tem Restaurante,2025-06-10T03:43:47.524Z,2025-06-16T17:55:44.774Z,1,,
Cafeteria Selo Verde,,,Parou de responder,,2025-11-05T19:55:07.223Z,1,,
hard chopp 2,,,Fechou com concorrente,,2025-10-27T20:27:28.970Z,,,
Os Girassois Restaurante,,,Integração com outras plataformas,,2025-07-01T20:04:56.930Z,1,,
Pão do Paulo Padaria Artesanal,,,Não é prioridade,,2025-06-19T12:39:37.452Z,1,,
Dopo Pizzaria,,Integração;SmartPOS,Feature indisponível,,2025-07-29T12:55:21.915Z,1,,
Maria Beijinho,,Uso Offline,Feature indisponível,,2025-06-17T19:32:39.114Z,1,,
M&G,,,Não quis ouvir,,2025-09-30T18:23:51.483Z,1,,
Cervejaria LF,,Emissão de DANFE / NF,Feature indisponível,,2025-07-09T18:55:16.379Z,1,,
jkr,,Smart POS PagBank,Feature indisponível,,2025-07-01T20:00:32.398Z,3,,
O Sertão Vai Virar Mar,,,Processos internos não adaptáveis,,2025-06-23T12:32:05.209Z,2,,
Restaurante Rancho Jatobá,,,Budget,,2025-07-03T13:24:52.206Z,1,,
Pizzaria Bau do Tesouro,,,Parou de responder,,2025-06-30T16:46:17.770Z,1,,
Pizzaria Bau do Tesouro - Novo(a) Deal,,,Negócio em Duplicidade,,2025-06-23T12:31:43.078Z,,,
A venda restaurante,,,Parou de responder,,2025-07-01T12:35:56.965Z,1,,
A venda restaurante - Novo(a) Deal,,,Negócio em Duplicidade,,2025-06-23T12:31:34.060Z,,,
Melhor pudim da vida,,,Parou de responder,,2025-07-07T12:46:14.942Z,2,,
Familia Presto,,,Fidelidade com outro sistema,,2025-09-30T18:27:37.088Z,2,,
Villare Pizzaria,,,Esta satisfeito com o sistema atual,,2025-07-17T21:46:06.923Z,2,,
Projeto Spettos,,,Esta satisfeito com o sistema atual,,2025-07-16T20:51:44.687Z,2,,
Da Família Restaurante,,,Parou de responder,,2025-09-30T18:28:21.484Z,1,,
The familys,,,Parou de responder,,2025-07-01T12:29:19.663Z,1,,
Summer Beach Party,,,Budget,,2025-06-24T16:47:38.449Z,1,,
Quintal de casa Bistrô,,,Vetado por decisão interna,,2025-06-27T14:39:48.346Z,1,,
Magazzino di Carol,,,Parou de responder,,2025-07-07T12:43:32.954Z,1,,
Oca wine,,,Esta satisfeito com o sistema atual,,2025-06-30T16:50:53.648Z,3,,
Ramai,,Auto Atendimento - QR Code,Feature indisponível,,2025-07-03T13:48:35.491Z,1,,
Florescer bistrô,,,Budget,,2025-06-25T19:58:11.332Z,1,,
Famiglia Gasperin Pizzaria,,,Fechou com concorrente,,2025-11-06T18:46:17.736Z,1,,
La Bella Arte & Gastronomia,,,Não é prioridade,,2025-07-03T13:49:26.210Z,1,,
Quintal do Chef,,,Parou de responder,,2025-10-27T20:30:23.960Z,1,,
Bodega do mestre,,,Parou de responder,,2025-07-14T14:05:27.847Z,1,,
R R R refeições,,,Limpeza de Funil,2025-08-14T17:29:18.606Z,2025-10-27T18:19:00.595Z,,,
Mundi Batataria,,,Budget,,2025-06-30T16:41:30.935Z,4,,
Mississippi Delta Blues Bar RJ,,,Não é prioridade,,2025-09-01T17:46:51.475Z,1,,
Cabernet Butiquim,,,Já é Cliente,,2025-09-24T15:14:01.111Z,2,,
Fundação Oswaldo Cruz,,,Budget,,2025-07-01T19:58:13.429Z,2,,
Pinella,,Relação Comanda x Mesa,Feature indisponível,,2025-07-01T19:57:59.652Z,1,,
Armazém da Pizza,,,Budget,,2025-07-01T19:57:44.132Z,1,,
Cheirin Bão,,,Não tem Restaurante,,2025-07-01T19:56:35.217Z,1,,
Quintalia,,Auto Atendimento - QR Code,Feature indisponível,,2025-07-01T19:55:54.402Z,1,,
Boteco do pinguim,,,Budget,,2025-07-01T20:08:06.719Z,3,,
Eu amo japa - Toktok burgee,,,Parou de responder,,2025-09-24T15:13:31.764Z,3,,
Tia Tatá Ponto de Alimentação,,,Budget,,2025-07-14T12:15:34.004Z,1,,
Tasquinha pão puro,,,Não é Restaurante,,2025-07-16T19:30:09.884Z,1,,
Skina’s,,,Parou de responder,,2025-10-27T20:31:21.931Z,1,,
Ana Lucia Finanças,,,Não é prioridade,,2025-10-27T15:02:52.102Z,3,,
Pizzaria Castelo Dellmonte ,,,Fechou com concorrente,,2025-07-16T19:29:23.703Z,1,,
Dona nica boteco,,,Parou de responder,,2025-07-24T16:13:41.019Z,1,,
LUG'S - Shopping Park Lagos,,,Budget,,2025-09-01T17:46:32.418Z,1,,
Vitaminaria,,,Parou de responder,,2025-07-21T17:51:02.862Z,3,,
Zuccherata Gourmet,,,Não é Restaurante,,2025-07-14T14:28:48.963Z,1,,
Pastificio Primo,,,Integração com outras plataformas,,2025-09-01T17:53:17.763Z,1,,
Restaurante Lá em Casa Lins,,Balança,Esta satisfeito com o sistema atual,,2025-10-13T19:46:29.702Z,1,,
Revoada Beer,,,Parou de responder,,2026-01-19T15:09:14.765Z,3,,
Churras Grego Cwb,,,Parou de responder,,2025-07-16T19:27:21.550Z,1,,
PATRÓN ARGENTINO - SMASH BURGER,,,Esta satisfeito com o sistema atual,,2025-07-16T20:55:32.514Z,1,,
UROCK,,,Não é Restaurante,,2025-07-29T14:09:25.061Z,1,,
Grupo haro,,,Processos internos não adaptáveis,,2025-09-24T15:22:05.052Z,45,,
Sensacao acai e sorvetes,,,Parou de responder,,2025-10-27T20:43:53.442Z,3,,
Ideia Saudavel,,,Não é prioridade,,2025-07-29T14:09:40.345Z,1,,
Divino Bistrô Comercio de Alinentos Ltda,,,Budget,,2025-07-14T12:14:31.425Z,1,,
Araca Lanches,,,Budget,,2025-09-01T17:52:30.985Z,1,,
Dacai Ssucos,,,Limpeza de Funil,2025-07-22T02:54:24.925Z,2025-10-27T18:19:00.595Z,,,
Bem food,,,Budget,,2025-07-21T17:53:18.359Z,1,,
Restaurante Lilica,,,Fechou com concorrente,,2025-07-21T17:53:50.083Z,4,,
Luigi Ibes- Ilha das Caieiras,,,Esta satisfeito com o sistema atual,,2025-07-16T18:23:36.101Z,3,,
Emporio Fazendinha,,,Processos internos não adaptáveis,,2025-07-23T14:11:44.475Z,1,,
Sorveteria Luigi Ibes,,Smart POS Cielo;Balança,Feature indisponível,,2025-07-23T18:27:24.874Z,5,,
Grupo Lamoia,,,Vetado por decisão interna,,2025-07-23T12:01:00.951Z,100,,
Milk Shake Mix Pier21,,,Parou de responder,,2025-07-23T14:10:44.948Z,3,,
ninos pizzaria,,,Parou de responder,,2025-09-24T11:39:23.389Z,1,,
Docejo,,,Parou de responder,,2025-10-27T20:45:27.326Z,3,,
Adega Mombaça,,,Budget,,2025-07-22T19:18:43.651Z,1,,
Fino Paladar,,,Parou de responder,,2025-11-05T20:01:24.451Z,1,,
Marschal sucos eireli,,,Não é prioridade,,2025-11-05T20:03:46.873Z,2,,
Day's burguer,,,Não é prioridade,,2025-09-15T20:33:20.837Z,1,,
Fritados,,,Limpeza de Funil,,2025-10-27T18:19:00.595Z,1,,
Brasa forte costelaria e restaurante (Costelão),,,Fechou com concorrente,,2025-08-12T18:44:46.975Z,1,,
Villa da Pizza,,,Esta satisfeito com o sistema atual,,2025-08-13T17:43:44.930Z,1,,
Pizzaria Vanucci,,,Budget,,2025-09-01T17:46:03Z,1,,
Flash smash Uruacu,,,Vetado por decisão interna,,2025-07-25T13:06:00.656Z,1,,
giselle de france,,,Fechou com concorrente,,2025-08-14T12:05:31.150Z,4,,
Bela Grecia,,,Já é Cliente,,2025-07-23T19:12:45.302Z,,,
Casa Camolese,,,Já é Cliente,,2025-09-24T17:59:38.636Z,1,,
Sabor d'casa,,,Budget,,2025-07-28T14:32:34.140Z,1,,
Feijoada Lá De Casa,,,Esta satisfeito com o sistema atual,,2025-10-13T12:48:21.195Z,2,,
Planet food,,,Esta satisfeito com o sistema atual,,2025-11-19T20:34:12.267Z,1,,
Cozinha Urbana Macaé,,Balança,Parou de responder,,2025-12-03T19:39:38.760Z,1,,
One two three,,Auto Atendimento - QR Code;Totem,Feature indisponível,,2025-07-28T13:44:54.403Z,1,,
Lanche.Co,,Auto Atendimento - QR Code;Auto Atendimento;Totem,Feature indisponível,,2025-09-01T17:52:22.533Z,1,,
Luma's Burguer,,Relatório Motoboy Impresso;CRM - Disparo de campanha,Feature indisponível,,2025-07-29T20:49:58.592Z,1,,
Pizza planet,,,Parou de responder,,2025-09-01T17:51:48.804Z,1,,
Portal 51 tabacaria e conveniência,,,Limpeza de Funil,2025-07-30T13:27:57.656Z,2025-10-27T18:19:00.595Z,,,
Arrais pizza,,,Parou de responder,,2025-08-04T18:19:04.371Z,2,,
Restaurante e Buffet Sabor na Mesa,,,Limpeza de Funil,2025-07-31T00:52:06.845Z,2025-10-27T18:19:00.595Z,,,
Jamon's na Brasa,,,Fechou com concorrente,,2025-11-26T13:02:03.947Z,21,,
Homeart,,,Limpeza de Funil,2025-08-14T16:33:17.071Z,2025-10-27T18:19:00.595Z,,,
Panda lanches,,,Budget,,2025-09-01T17:51:36.198Z,1,,
B4P Design,,,Limpeza de Funil,2025-08-14T16:25:46.264Z,2025-10-27T18:19:00.595Z,,,
Real gelateria,,,Parou de responder,,2025-09-01T17:45:42.932Z,1,,
Bon Gout,,,Budget,,2025-08-12T17:55:53.833Z,1,,
Nativus Açaí,,,Limpeza de Funil,2025-08-14T16:32:50.031Z,2025-10-27T18:19:00.595Z,,,
Binus Gastrobar,,,Budget,,2025-09-01T17:44:40.749Z,1,,
La campana tratto  Casa da lasanha,,,Não é prioridade,,2025-09-01T17:53:46.501Z,2,,
Valença Contabilidade,,,Limpeza de Funil,2025-08-14T16:25:46.264Z,2025-10-27T18:19:00.595Z,,,
Filó,,,Budget,,2025-09-01T17:51:24.212Z,1,,
In Padaria,,,Não é prioridade,,2025-09-01T17:50:55.944Z,1,,
Crepefy Itajaí Shopping,,,Não quis ouvir,,2025-10-13T12:39:05.962Z,1,,
Kebab Tijuca,,,Já é Cliente,,2025-08-15T19:28:33.137Z,1,,
Mara Grill,,,Parou de responder,,2025-10-27T20:55:05.442Z,1,,
Avodah Cafés Especiais,,,Parou de responder,,2025-11-10T19:51:45.411Z,1,,
MA Doceria,,,Esta satisfeito com o sistema atual,,2025-09-30T19:46:28.206Z,2,,
Avodah Cafés Especiais,,,Parou de responder,,2025-09-01T17:50:19.149Z,1,,
Bake - Cozinha Vegana,,,Limpeza de Funil,2025-08-29T18:19:01.638Z,2025-10-27T18:19:00.595Z,,,
Miró Massas,,,Limpeza de Funil,2025-08-16T05:00:39.033Z,2025-10-27T18:19:00.595Z,,,
Restaurante mana do forte,,,Limpeza de Funil,,2025-10-27T18:19:00.595Z,1,,
Cantinho do sabor,,,Limpeza de Funil,2025-10-01T20:27:58.162Z,2025-10-27T18:19:00.595Z,,,
MDuarte,,,Limpeza de Funil,,2025-10-27T18:19:00.595Z,,,
Petite,,Integração;Relatório / Alerta estoque mínimo,Feature indisponível,,2025-09-30T19:34:52.721Z,1,,
Santa Clara petiscaria e choperia,,,Limpeza de Funil,,2025-10-27T18:19:00.595Z,,,
Pizzaria Sabor de Minas,,,Limpeza de Funil,,2025-10-27T18:19:00.595Z,1,,
Flash Smash,,,Parou de responder,,2025-11-03T14:21:23.257Z,3,,
Amu sushi,,,Parou de responder,,2025-11-03T14:16:25.776Z,1,,
Yate club,,,Vetado por decisão interna,,2025-09-01T17:49:15.154Z,1,,
Burger's Fire,,,Limpeza de Funil,2025-10-01T20:31:09.891Z,2025-10-27T18:19:00.595Z,,,
Lopes Assados,,,Fechou com concorrente,,2025-09-30T19:55:28.698Z,1,,
Forno a Lenha,,,Limpeza de Funil,,2025-10-27T18:19:00.595Z,1,,
Be Lowcarb,,,Esta satisfeito com o sistema atual,,2025-10-13T12:34:02.699Z,1,,
PedroPan - Pizzaria,,,Parou de responder,,2025-11-03T14:17:18.425Z,1,,
Cachaça & Restaurante Itajoana,,Uso Offline,Limpeza de Funil,,2025-10-27T18:19:00.595Z,1,,
Sertão Adentro,,Smart POS Pagseguro;Auto Atendimento - QR Code;Pesquisa de Satisfação com Cliente;CRM - Disparo de campanha;Robô de Whatsapp - pedidos,Feature indisponível,,2025-09-08T12:56:08.007Z,1,,
Pizzaria Dezesseis 00,,SmartPOS Balcão;Relação Comanda x Mesa,Feature indisponível,,2025-10-02T13:00:12.624Z,2,,
Tempero de Casa,,,Budget,,2025-11-03T14:17:30.733Z,1,,
Studio Sunset,,,Limpeza de Funil,,2025-10-27T18:19:00.595Z,,,
Tili Pizzaria,,,Budget,,2025-11-03T14:21:42.331Z,1,,
Frutah!,,,Budget,,2025-11-03T14:21:51.310Z,4,,
Roça,,,Faturamento abaixo da SLA,,2025-11-03T14:22:12.030Z,1,,
Marechal Sanduicheria,,Integração;Impressão em etiqueta,Feature indisponível,,2025-10-02T13:54:04.597Z,1,,
Poke do Japa,,,Parou de responder,,2025-10-13T12:33:44.718Z,1,,
A Lenha Pizzaria Torres,,,Esta satisfeito com o sistema atual,,2025-10-13T20:19:13.717Z,1,,
Pastel Believer,,,Parou de responder,,2025-11-03T14:22:22.178Z,1,,
Pastel,,,Limpeza de Funil,2025-10-01T20:31:09.891Z,2025-10-27T18:19:00.595Z,,,
Coqueiro Verde,,Smart POS Cielo;Auto Atendimento - QR Code;Calculadora de Precificação;Emissão de DANFE / NF;Uso Offline;Transferencia de mercadoria entre lojas;Robô de Whatsapp - pedidos,Feature indisponível,,2025-09-11T12:18:24.948Z,2,,
Prefeitura de Campo Grande-MS,,,Limpeza de Funil,,2025-10-27T18:19:00.595Z,,,
Stadios burguer,,,Limpeza de Funil,2025-10-01T20:26:54.452Z,2025-10-27T18:19:00.595Z,,,
Slow Coffee,,,Budget,,2025-09-26T13:04:05.074Z,1,,
Resenha II,,,Não é prioridade,,2025-10-09T13:25:34.121Z,2,,
Pizzaria Don Raffaele,,,Parou de responder,,2025-12-23T19:58:11.336Z,1,,
Nonna Briggi,,,Budget,,2025-10-08T20:08:35.585Z,1,,
Canoas Praia Restaurante,,,Limpeza de Funil,2025-10-01T20:26:54.452Z,2025-10-27T18:19:00.595Z,,,
Ramos Bar e Restaurante Ltda,,,Limpeza de Funil,2025-10-01T20:27:58.162Z,2025-10-27T18:19:00.595Z,,,
Pastrella,,,Parou de responder,,2025-10-27T21:01:48.442Z,1,,
costeiro bar,,Auto Atendimento - QR Code;Calculadora de Precificação;Relação Comanda x Mesa;Controle de validade - Estoque;Robô de Whatsapp - pedidos;Relatório / Alerta estoque mínimo,Feature indisponível,,2025-10-08T20:12:28.514Z,1,,
Galiotto,,,Limpeza de Funil,,2025-10-27T18:19:00.595Z,,,
Fátima e Lara lanches delivery,,,Limpeza de Funil,,2025-10-27T18:19:00.595Z,,,
Própan Padaria e confeitaria,,,Limpeza de Funil,,2025-10-27T18:19:00.595Z,,,
Churrascaria Nativas Grill Brasília,,,Limpeza de Funil,2025-10-01T20:27:58.162Z,2025-10-27T18:19:00.595Z,,,
Ayô Gastronomia,,,Limpeza de Funil,,2025-10-27T18:19:00.595Z,,,
Gerente,,,Limpeza de Funil,,2025-10-27T18:19:00.595Z,,,
Chef,,,Limpeza de Funil,,2025-10-27T18:19:00.595Z,,,
Todos os Vinhos Ltda,,,Limpeza de Funil,,2025-10-27T18:19:00.595Z,,,
Jhoseph Lucas matos paiva,,,Limpeza de Funil,,2025-10-27T18:19:00.595Z,,,
Riversides,,Uso Offline,Feature indisponível,,2025-10-08T20:31:01.942Z,3,,
Restaurante Floripa Grill,,,Parou de responder,,2025-10-08T20:07:21.772Z,1,,
Supermercado Zona Sul,,,Limpeza de Funil,,2025-10-27T18:19:00.595Z,,,
Carne de sol Parrilla bar e restaurante,,,Limpeza de Funil,,2025-10-27T18:19:00.595Z,,,
SeuJão,,,Budget,,2025-11-03T14:22:34.795Z,1,,
Restaurante chopp beer,,,Limpeza de Funil,,2025-10-27T18:19:00.595Z,,,
Catarina sushi delivery,,,Limpeza de Funil,,2025-10-27T18:19:00.595Z,,,
Nossa Casa Restaurante,,,Limpeza de Funil,,2025-10-27T18:19:00.595Z,,,
Trabalho na empresa R.p.e,,,Limpeza de Funil,,2025-10-27T18:19:00.595Z,,,
Big Lanches,,,Limpeza de Funil,,2025-10-27T18:19:00.595Z,,,
Misoya,,,Não é prioridade,,2025-10-01T18:16:43.556Z,1,,
Confeitaria Martha,,,Limpeza de Funil,,2025-10-27T18:19:00.595Z,,,
Hot Dog do Nata,,,Limpeza de Funil,,2025-10-27T18:19:00.595Z,,,
CAD,,,Limpeza de Funil,,2025-10-27T18:19:00.595Z,,,
Oaks bar,,,Limpeza de Funil,,2025-10-27T18:19:00.595Z,,,
O Leleko,,,Limpeza de Funil,,2025-10-27T18:19:00.595Z,,,
La Macelleria,,,Budget,,2025-10-03T17:32:09.387Z,2,,
Vila Sabor Restaurante,,Balança;Leitor código de barras;Relação Comanda x Mesa,Não é prioridade,,2025-10-13T20:14:29.771Z,1,,
Ohana Guede's,,,Fechou com concorrente,,2025-10-02T13:32:55.594Z,1,,
Golden,,,Limpeza de Funil,2025-10-01T20:29:33.282Z,2025-10-27T18:19:00.595Z,,,
Don Burgone/Gamadon,,,Vetado por decisão interna,,2026-01-23T14:17:05.912Z,,,
Barriga sport bar,,Smart POS PagBank;SmartPOS Balcão;Auto Atendimento - QR Code;Leitor código de barras;Relação Comanda x Mesa;ticket / ficha,Feature indisponível,,2025-12-08T18:00:25.561Z,1,,
Mistura Misturado,,,Budget,,2025-10-03T17:31:56.112Z,1,,
Espetonabrasa,,,Limpeza de Funil,,2025-10-27T18:19:00.595Z,,,
Bar das Meninas,,Smart POS PagBank;Calculadora de Precificação;Emissão de DANFE / NF,Feature indisponível,,2025-09-26T14:19:10.056Z,1,,
Travaina Consultoria Empresarial,,,Limpeza de Funil,,2025-10-27T18:19:00.595Z,,,
Mineiro Delivery,,,Budget,,2025-10-03T17:31:43.788Z,1,,
Buteco do Rei,,,Limpeza de Funil,,2025-10-27T18:19:00.595Z,,,
pizzaria billy,,,Limpeza de Funil,,2025-10-27T18:19:00.595Z,,,
Adventury eventos,,,Limpeza de Funil,,2025-10-27T18:19:00.595Z,,,
Deckbeer,,,Parou de responder,,2025-11-05T20:20:52.621Z,1,,
Café Dona Moça,,,Não é Restaurante,,2025-10-13T20:11:30.314Z,1,,
Marmitaria Gourmet Tempero Bom,,,Limpeza de Funil,,2025-10-27T18:19:00.595Z,,,
Patrícia Menezes,,,Limpeza de Funil,,2025-10-27T18:19:00.595Z,,,
DAS EIS - Sorvetes Gourmet,,,Limpeza de Funil,,2025-10-27T18:19:00.595Z,,,
Farinha e Azeite,,,Limpeza de Funil,,2025-10-27T18:19:00.595Z,,,
Quintal de Vó,,,Parou de responder,,2025-11-10T19:55:29.985Z,1,,
Restaurante Pimenta Dedo de Moça,,,Limpeza de Funil,,2025-10-27T18:19:00.595Z,,,
Restaurante Água na Boca,,,Limpeza de Funil,,2025-10-27T18:19:00.595Z,,,
Flat vidual do porto Fernando de Noronha,,,Limpeza de Funil,,2025-10-27T18:19:00.595Z,,,
Churrasco do Cachamorra,,,Budget,,2025-10-02T14:56:01.119Z,1,,
Granro hamburgueira,,,Limpeza de Funil,,2025-10-27T18:19:00.595Z,,,
Julianacakess,,,Limpeza de Funil,,2025-10-27T18:19:00.595Z,,,
Geovany Carneiro,,,Esta satisfeito com o sistema atual,,2025-11-03T14:25:19.693Z,1,,
Gui lanches,,,Limpeza de Funil,,2025-10-27T18:19:00.595Z,,,
Restaurante aconchego,,,Limpeza de Funil,,2025-10-27T18:19:00.595Z,,,
Pontal Náutico do Manso,,,Budget,,2025-11-03T14:25:28.058Z,1,,
Dos Guris lanches,,,Limpeza de Funil,,2025-10-27T18:19:00.595Z,1,,
AM Palmito e Cia,,,Limpeza de Funil,,2025-10-27T18:19:00.595Z,,,
Voipper Vila Olimpia,,,Limpeza de Funil,,2025-10-27T18:19:00.595Z,,,
Cozinha Garfo de Prata,,,Limpeza de Funil,,2025-10-27T18:19:00.595Z,,,
Magalhaes Tavares de Oliveira Consultores,,,Limpeza de Funil,,2025-10-27T18:19:00.595Z,,,
Cantina caseira de Minas,,,Limpeza de Funil,,2025-10-27T18:19:00.595Z,,,
Espaço Gourmet,,,Limpeza de Funil,,2025-10-27T18:19:00.595Z,,,
Delícias da Gi,,,Limpeza de Funil,,2025-10-27T18:19:00.595Z,,,
Brasil Natura,,,Limpeza de Funil,,2025-10-27T18:19:00.595Z,,,
SANTA PAELLA,,,Limpeza de Funil,,2025-10-27T18:19:00.595Z,1,,
Papaléguas refeições,,,Budget,,2025-11-03T14:25:39.112Z,1,,
Aceburgers,,,Limpeza de Funil,,2025-10-27T18:19:00.595Z,1,,
Minuttos Delivery Premium,,,Parou de responder,,2025-12-04T12:32:48.902Z,1,,
Pizza Hut,,,Limpeza de Funil,,2025-10-27T18:19:00.595Z,,,
Pitombeira2017,,,Limpeza de Funil,,2025-10-27T18:19:00.595Z,,,
Mdnis alimentos,,,Limpeza de Funil,,2025-10-27T18:19:00.595Z,,,
Fumaça Mineira,,,Limpeza de Funil,,2025-10-27T18:19:00.595Z,,,
Torresmo do Mineiro,,,Limpeza de Funil,,2025-10-27T18:19:00.595Z,,,
Grimpa burguer,,,Limpeza de Funil,,2025-10-27T18:19:00.595Z,1,,
Quintal gourmet,,,Limpeza de Funil,,2025-10-27T18:19:00.595Z,,,
Baribe,,,Limpeza de Funil,,2025-10-27T18:19:00.595Z,,,
R.Casér Ateliê,,,Limpeza de Funil,,2025-10-27T18:19:00.595Z,,,
S-3 Marmitaria e Petiscaria,,,Limpeza de Funil,,2025-10-27T18:19:00.595Z,,,
Rancho do sabor,,,Limpeza de Funil,,2025-10-27T18:19:00.595Z,,,
Pastelaria da maria,,,Limpeza de Funil,,2025-10-27T18:19:00.595Z,,,
Pastelaria do Vô Zé,,Auto Atendimento;Controle de validade - Estoque;Relatório / Alerta estoque mínimo,Feature indisponível,,2025-10-09T13:22:30.993Z,2,,
Bella Doceria,,,Limpeza de Funil,,2025-10-27T18:19:00.595Z,,,
Ohana drinks house,,,Esta satisfeito com o sistema atual,,2025-10-27T21:12:16.041Z,1,,
Obelisco Choperia e Petiscaria,,,Budget,,2025-10-09T17:52:26.189Z,1,,
Robert Pizzaria,,,Não é prioridade,,2025-10-27T21:13:18.236Z,1,,
Aurora Pâtisserie,,,Limpeza de Funil,,2025-10-27T18:19:00.595Z,,,
Pub Marias Bonitas,,,Limpeza de Funil,,2025-10-27T18:19:00.595Z,,,
Balneário Igarapé Grande,,,Budget,,2025-11-10T19:55:52.190Z,1,,
Smolk burger,,,Parou de responder,,2025-11-03T14:26:11.223Z,1,,
Bodega do Zé,,,Budget,,2025-10-20T13:34:01.670Z,2,,
Eu157,,,Limpeza de Funil,,2025-10-27T18:19:00.595Z,,,
Delícias da Nanda,,,Parou de responder,,2025-11-05T20:23:59.518Z,1,,
Gendai,,,Vetado por decisão interna,,2025-10-16T13:25:09.269Z,5,,
Jeremias arte bar,,Controle de validade - Estoque;Relatório / Alerta estoque mínimo,Parou de responder,,2026-01-21T19:40:23.239Z,1,,
Badá Cheesecakes,,,Limpeza de Funil,,2025-10-27T18:19:00.595Z,1,,
Acabana,,,Parou de responder,,2025-12-02T13:30:58.615Z,1,,
Magnatas Grill,,,Budget,,2025-12-02T13:32:32.963Z,1,,
DoCão,,Smart POS Cielo;Auto Atendimento - QR Code,Fechou com concorrente,,2025-11-04T19:00:33.980Z,1,,
Pizzaria Parrô Piabetá,,,Parou de responder,,2025-12-02T13:30:26.945Z,1,,
Bar da Cleide,,,Parou de responder,,2025-11-05T20:25:31.174Z,1,,
Rancho gastronômico,,,Esta satisfeito com o sistema atual,,2025-10-23T11:57:40.454Z,1,,
Aromen Von Blumenau,,,Parou de responder,,2025-12-04T12:32:17.329Z,1,,
Love In A Box,,,Budget,,2025-12-02T13:28:02.323Z,1,,
Tempero de Mainha,,,Não é prioridade,,2025-10-30T13:45:28.018Z,1,,
M restaurnete Ltda (Ezza e Oshi),,,Fechou com concorrente,,2025-10-27T14:18:16.623Z,,,
fogão a lenha,,,Parou de responder,,2025-11-05T20:28:50.450Z,1,,
Taberna,,,Não é Restaurante,,2025-10-23T18:50:30.089Z,3,,
Bardana Natural,,Balança,Feature indisponível,,2025-12-04T12:33:48.793Z,2,,
Grupo Mono,,,Parou de responder,,2025-12-08T18:09:37.458Z,,,
Emoriô,,,Budget,,2025-10-24T14:30:30.265Z,1,,
The Three ,,,Fechou com concorrente,,2025-12-18T20:02:26.865Z,1,,
Acarajazz,,,Não é prioridade,,2025-11-21T14:31:31.999Z,1,,
Castro Burger,,,Não é prioridade,,2025-11-21T14:47:44.415Z,1,,
SG consultoria,,,Não é prioridade,,2025-11-21T14:31:18.090Z,,,
I love Pará,,,Budget,,2025-12-02T13:32:19.479Z,1,,
Camila Boarro Confeitaria,,,Budget,,2025-11-10T20:05:22.868Z,1,,
Bendito Prato,,,Budget,,2025-12-02T13:32:07.996Z,1,,
Vila Alternativa,,,Fechou com concorrente,,2025-11-10T20:56:24.512Z,1,,
Braseiro,,,Parou de responder,,2025-12-18T19:24:39.016Z,1,,
Cantinho da Coxinha,,,Budget,,2025-12-02T13:27:52.328Z,1,,
Adriana Nunes,,,Não é prioridade,,2025-12-02T13:27:40.139Z,1,,
eai açai,,,Parou de responder,,2025-12-02T13:27:01.200Z,1,,
Boteco do juca,,,Budget,,2025-12-02T13:26:46.142Z,1,,
Reg Burger e Beer,,,Parou de responder,,2025-11-17T00:30:40.287Z,1,,
HellermannTyton,,,Budget,,2025-11-11T13:24:41.462Z,1,,
Açaí expresso,,,Parou de responder,,2025-12-18T19:17:46.309Z,1,,
Papo Reto Hamburgueria,,,Negócio em Duplicidade,,2025-12-02T13:31:39.645Z,1,,
CPF Burger,,,Budget,,2025-11-12T13:40:21.605Z,1,,
Pátria Burger,,,Não é prioridade,,2025-12-04T12:37:11.524Z,1,,
KazuShi Food,,,Budget,,2025-11-13T20:03:17.589Z,1,,
Assaí Restaurante e Pizzaria,,,Não é prioridade,,2025-12-08T11:29:09.934Z,1,,
Restaurante Colher de pau,,Balança;Integração,Feature indisponível,,2025-11-26T12:59:30.417Z,1,,
Padaria Don'ana,,Balança;Fidelidade;Leitor código de barras;Emissão de DANFE / NF;Pesquisa de Satisfação com Cliente,Feature indisponível,,2025-12-02T18:04:31.432Z,1,,
Brasa Grill hamburgueria,,,Fechou com concorrente,,2026-01-14T19:13:28.855Z,1,,
Ubá Bistrô,,,Fechou com concorrente,,2025-11-26T12:57:13.347Z,1,,
567 Juazeiro,,,Parou de responder,,2025-12-23T12:59:18.864Z,1,,
Taberna,,,Não é prioridade,,2025-12-03T22:32:08.544Z,4,,
Tavolo Ristoranti,,,Fechou com concorrente,,2026-01-06T20:34:00.002Z,1,,
D+ chicken frito,,SmartPOS Balcão;Cardápio Digital;Auto Atendimento;Totem;Calculadora de Precificação;Integração;Robô de Whatsapp - pedidos;Modulo Estoque Apartado;Modulo Financeiro Apartado;SmartPOS,Feature indisponível,,2025-11-28T18:45:08.210Z,1,,
NBA burguer,,,Budget,,2025-11-28T19:14:40.280Z,2,,
Coliseu Park,,,Feature indisponível,,2025-11-28T19:15:58.684Z,1,,
Luau das montanhas,,,Faturamento abaixo da SLA,,2025-11-28T19:47:18.797Z,1,,
armazém belém,,,Parou de responder,,2025-12-23T12:59:07.332Z,2,,
Restaurante Empório 26,,,Fechou com concorrente,,2025-12-23T13:00:25.664Z,1,,
Bar da Língua,,Relação Comanda x Mesa,Feature indisponível,,2025-12-18T19:16:41.459Z,3,,
Carlos Delivery,,,Fechou com concorrente,,2025-12-18T19:18:13.521Z,1,,
Dona Carmela,,Auto Atendimento - QR Code;Auto Atendimento,Feature indisponível,,2026-01-06T20:32:34.790Z,1,,
Restaurante Refugio,,Balança,Esta satisfeito com o sistema atual,,2025-12-05T13:25:07.641Z,1,,
Maria's Doux Restaurante e Doceria,,Smart POS Cielo;Auto Atendimento;Auto Atendimento - QR Code;Balança;Relação Comanda x Mesa,Feature indisponível,,2025-12-18T19:18:39.752Z,1,,
Mr. Bowls,,Auto Atendimento - QR Code,Feature indisponível,,2026-01-06T20:33:20.440Z,1,,
Zanzibar Espetaria,,Auto Atendimento - QR Code,Feature indisponível,,2025-12-12T13:18:10.594Z,1,,
Restaurante Tembi'u Porã,,,Parou de responder,,2026-01-21T20:07:24.428Z,1,,
Salsa Gastronomia,,,Parou de responder,,2026-01-21T20:11:04.347Z,1,,
Zezão Restaurante,,Balança,Parou de responder,,2026-01-21T20:06:25.075Z,1,,
Shizuoka Restaurante Japonês,,Modulo Estoque Apartado;Modulo Financeiro Apartado,Feature indisponível,,2025-12-23T19:49:18.708Z,1,,
Sarimã café,,,Não é prioridade,,2026-01-27T11:56:05.058Z,1,,
Patriota Emporio & Gastronomia,,,Parou de responder,,2026-01-21T20:08:01.285Z,1,,
Restaurante Silvinho,,Balança;Catraca,Feature indisponível,,2026-01-06T20:02:55.168Z,1,,
Restaurante Tabatem,,,Esta satisfeito com o sistema atual,,2026-01-23T14:47:34.787Z,1,,
ESFIHARIA DOS VIEIRAS,,,Parou de responder,,2026-01-26T17:19:49.892Z,1,,
Marcos lanches,,Relação Comanda x Mesa;Fidelidade;Leitor código de barras;Auto Atendimento - QR Code;SmartPOS,Feature indisponível,,2026-01-08T14:40:19.595Z,1,,
INÁ - Botafogo,,,Vetado por decisão interna,,2026-01-15T20:57:28.695Z,2,,
Pizzaria Veneza,,,Feature indisponível,,2026-01-23T14:50:31.694Z,1,,
Masano Trattoria,,,Esta satisfeito com o sistema atual,,2026-01-27T11:57:22.183Z,1,,
Grotta Charcutaria,,,Não é prioridade,,2026-01-23T14:53:31.953Z,1,,
Gabriel Barreto,,Smart POS PagBank,Parou de responder,,2026-01-21T20:10:19.235Z,1,,
JL Caldos e Petiscos,,,Budget,,2026-01-14T13:03:39.184Z,1,,
Estúdio ETT,,Smart POS PagBank,Feature indisponível,,2026-01-27T11:57:37.291Z,1,,
Luma Food,,,Já é Cliente,,2026-01-21T19:39:01.525Z,,,
Nova Opção Barueri Pizzaria e Restaurante,,,Fechou com concorrente,,2026-02-06T19:11:58.835Z,1,,
Sabor e Saúde ,,,Budget,,2026-01-28T11:56:00.468Z,3,,
Cafeteria Royal Rio ,,,Não é prioridade,,2026-01-23T14:26:17.008Z,1,,
Bravo Sushi,,,Não é prioridade,,2026-02-09T19:54:49.538Z,2,,
LANCHONETE E RESTAURANTE VICTORIA,,,Budget,,2026-01-28T11:55:48.247Z,,,
Simao & Soratto,,,Budget,,2026-01-28T11:55:34.619Z,,,
Kebab Copa,,,Não é prioridade,,2026-02-05T12:01:44.434Z,,,
Bravo Pizza,,,Vetado por decisão interna,,2026-01-15T20:59:00.091Z,2,,
Espeto do chero,,,Não é prioridade,,2026-02-04T19:06:50.720Z,1,,
Dom Pedro Sorvetes,,,Budget,,2026-01-27T11:57:56.096Z,1,,
Dogão do Jorge,,,Integração com outras plataformas,,2026-01-23T14:40:49.702Z,1,,
Dhione Smanioto,,,Não é prioridade,,2026-01-23T14:39:09.352Z,1,,
Restaurante Tiquatirão,,Auto Atendimento;Auto Atendimento - QR Code,Fechou com concorrente,,2026-02-09T19:53:15.756Z,1,,
Bokas,,,Integração com outras plataformas,,2026-01-27T13:24:05.997Z,5,,
Arte Paulistana,,,Parou de responder,,2026-02-20T19:27:29.048Z,1,,
Papaletutte,,,Esta satisfeito com o sistema atual,,2026-01-26T17:12:22.886Z,1,,
Old town,,SmartPOS,Esta satisfeito com o sistema atual,,2026-01-26T16:57:58.383Z,1,,
El fara,,Smart POS PagBank;Integração;Uso Offline,Não é prioridade,,2026-02-04T20:32:41.602Z,1,,
Regio Dias,,,Não é prioridade,,2026-03-02T14:05:17.557Z,1,,
Tatiane Joaquim,,,Faturamento abaixo da SLA,,2026-01-23T14:35:06.600Z,1,,
MM I (Sabor é vida),,,Vetado por decisão interna,,2026-01-23T02:44:17.063Z,4,,
MM II (Sabor é vida),,,Vetado por decisão interna,,2026-01-23T02:44:24.259Z,4,,
MM III (Sabor é vida),,,Vetado por decisão interna,,2026-01-23T02:44:43.485Z,4,,
NAGAHASHI ASIAN FOOD,,,Budget,,2026-02-02T21:46:57.439Z,1,,
Pizzaria Barrufi,,,Budget,,2026-03-02T14:09:42.053Z,1,,
Lá dá Torta,,,Budget,,2026-02-20T19:26:19.935Z,1,,
Juliana Silveira,,,Não tem Restaurante,,2026-02-03T20:19:46.445Z,1,,
Pizza do Barra,,Relatório Motoboy Impresso,Budget,,2026-02-20T19:27:04.099Z,3,,
Cantinho Doce,,Integração,Fechou com concorrente,,2026-03-03T12:08:14.087Z,1,,
Rancho do roma,,,Vetado por decisão interna,,2026-02-09T11:55:45.476Z,1,,
Sabor Gourmet,,Smart POS PagBank;Auto Atendimento;Catraca;Integração;SmartPOS,Feature indisponível,,2026-02-03T18:17:27.110Z,1,,
Nikolaos Loukopoulos,,,Não quis ouvir,,2026-02-04T14:24:24.696Z,3,,
Delícias da Vó Divina Restaurante,,Robô de Whatsapp - pedidos,Feature indisponível,,2026-02-04T17:17:44.728Z,1,,
Mr.Balmann,,,Fechou com concorrente,,2026-02-20T19:28:10.898Z,1,,
O Encontro,,,Budget,,2026-02-24T17:32:54.615Z,,,
Espetinho,,,Budget,,2026-02-20T20:08:32.760Z,,,
DPN,,,Não quis ouvir,,2026-03-02T14:29:36.486Z,,,
Podemos 20,,Emissão de DANFE / NF,Feature indisponível,,2026-02-06T19:40:14.328Z,1,,
Schmolz - Bickenbach,,,Não é prioridade,,2026-03-02T14:31:26.363Z,1,,
Helda,,Auto Atendimento;Integração,Feature indisponível,,2026-02-11T13:21:17.655Z,,,
Panino's Cafeteria,,,Negócio em Duplicidade,,2026-02-20T20:01:53.871Z,1,,
Casa do saulo,,Emissão de DANFE / NF,Feature indisponível,,2026-02-25T14:33:56.731Z,,,
Prospectus NBN,,,Não tem Restaurante,,2026-02-20T19:51:40.733Z,,,
Monalisa,,,Negócio em Duplicidade,,2026-02-20T19:50:47.893Z,,,
Kami,,,Budget,,2026-02-25T14:48:20.381Z,,,
Caravana BBQ,,,Fechou com concorrente,,2026-02-20T19:48:54.539Z,,,
Pizzaria jjs,,,Não é prioridade,,2026-02-25T14:22:58.798Z,1,,
Beggiato Restaurante,,,Parou de responder,,2026-02-20T19:32:00.739Z,1,,
Casa do Bubi,,Catraca,Feature indisponível,,2026-03-02T14:12:01.827Z,1,,