name,url,phone,cnpj,streetAddress,neighborhood,zipcode,rating,email,cuisine,priceRange,regiao
Gigga&#x27;s Pizzaria (Av.Amadeo Barbosa) | RIO BRANCO | iFood,https://www.ifood.com.br/delivery/rio-branco-ac/giggas-pizzaria-avamadeo-barbosa-areal/5f4c42a6-d58d-4670-b392-34ee84513acf,40030053,18852085000100,Avenida Amadeu Barbosa 1188,Areal,69905853,4.8,,"""Lanches""","""$""",Rio Branco
Espetinho de Ouro | RIO BRANCO | iFood,https://www.ifood.com.br/delivery/rio-branco-ac/espetinho-de-ouro-santa-ines/f3975414-0ffd-45c8-8e7a-2e9fb2eea484,999461525,53539713000194,RUA SANACRE 301,SANTA INES,69907731,4.9,,"""Carnes""","""$""",Rio Branco
D&#x27;terra Restaurante e Pizzaria | RIO BRANCO | iFood,https://www.ifood.com.br/delivery/rio-branco-ac/dterra-restaurante-e-pizzaria-triangulo-velho/fcdf88d0-1491-43a7-b1bb-2166d8e59d55,30281998,45773730000163,Via Chico Mendes 528,Triangulo Velho,69906210,4.8,,"""Pizza""","""$$$""",Rio Branco
Padaria Pertutti | RIO BRANCO | iFood,https://www.ifood.com.br/delivery/rio-branco-ac/padaria-pertutti-triangulo-novo/5d1953a9-a80f-4e80-87da-d719a2a5c2d6,992123515,01450817000124,Via Chico Mendes 2030,Triangulo Novo,69906214,4.9,,"""Padaria""","""$$""",Rio Branco
Churrascaria Canaã | RIO BRANCO | iFood,https://www.ifood.com.br/delivery/rio-branco-ac/churrascaria-canaa-seis-de-agosto/2fad75ba-1ff8-49cf-a20b-13c14270fca8,992242670,11533212000231,Rua Cunha Matos 291,Seis de Agosto,69905590,4.9,,"""Marmita""","""$$""",Rio Branco
Big Burg | RIO BRANCO | iFood,https://www.ifood.com.br/delivery/rio-branco-ac/big-burg-conjunto-rio-lino/a5be0a70-f229-465c-8741-ec1e79ea0b03,999784413,45867185000174,Rua Tarauacá 14,Conjunto Rio Lino,69917400,4.4,,"""Lanches""","""$""",Rio Branco
El Shaday Gameleira | RIO BRANCO | iFood,https://www.ifood.com.br/delivery/rio-branco-ac/el-shaday-gameleira-seis-de-agosto/ff5edee6-ab0a-4071-a576-5df5fe00ee54,40030053,35483755000179,RUA CUNHA MATOS 339,SEIS DE AGOSTO,69905590,4.8,,"""Açaí""","""$""",Rio Branco
Picanha Mix Shopping | RIO BRANCO | iFood,https://www.ifood.com.br/delivery/rio-branco-ac/picanha-mix-shopping-floresta-sul/9880ea57-8812-4a0b-b279-15c569e54319,999018803,21019122000108,Estrada da Floresta 2320,Floresta Sul,69912900,4.8,,"""Comida Brasileira""","""$""",Rio Branco
Atelier das Gostosuras - Doces I Bolos I Salgados | RIO BRANCO | iFood,https://www.ifood.com.br/delivery/rio-branco-ac/atelier-das-gostosuras---doces-i-bolos-i-salgados-bosque/03a35eab-531c-481b-b53c-ac53655c3349,992113350,40439656000120,RUA PERNAMBUCO 435,BOSQUE,69900306,4.8,,"""Doces &amp; Bolos""","""$""",Rio Branco
American Chicken - Frango Frito | RIO BRANCO | iFood,https://www.ifood.com.br/delivery/rio-branco-ac/american-chicken---frango-frito-bosque/1d62fe2b-02d9-4f9a-8af7-9834c8c25e77,999128504,25058042000104,Rua Pernambuco 736,Bosque,69900421,4.8,,"""Lanches""","""$$$""",Rio Branco
Açaíteria Ki Delícia | RIO BRANCO | iFood,https://www.ifood.com.br/delivery/rio-branco-ac/acaiteria-ki-delicia-manoel-juliao/2821cea5-c1e8-4830-8efb-9e15b29dcfc8,999606151,50955028000150,Rua Áureliano Lopes 47,Manoel Julião,69918414,4.8,,"""Açaí""","""$""",Rio Branco
Soberanos Burger  | RIO BRANCO | iFood,https://www.ifood.com.br/delivery/rio-branco-ac/soberanos-burger-jardim-de-alah/35c98278-5906-4e48-8e2b-2d03a704e72d,999884999,55164939000183,Rua Fátima Maia 405,Jardim de Alah,69915572,4.9,,"""Hambúrguer""","""$""",Rio Branco
A Princesinha Churrascaria e Pizzaria | RIO BRANCO | iFood,https://www.ifood.com.br/delivery/rio-branco-ac/a-princesinha-churrascaria-e-pizzaria-centro/3e08aeb8-3afe-49e9-82e6-9269e7d772ad,40030053,53060070000100,Travessa da Catedral 14,Centro,69900094,4.7,,"""Cozinha Rápida""","""$$""",Rio Branco
Picanha Mix | Rio Branco | iFood,https://www.ifood.com.br/delivery/rio-branco-ac/picanha-mix-jardim-de-alah/6eeaf912-c3bd-4a8d-85ec-e522250de635,999225037,21019122000108,Rua Fátima Maia 390,Jardim de Alah,00069912,4.7,,"""Comida Brasileira""","""$$$""",Rio Branco
Jair Deliveryy Marmitaria | RIO BRANCO | iFood,https://www.ifood.com.br/delivery/rio-branco-ac/jair-deliveryy-marmitaria-mascarenhas-de-morais-abraao-alab/10b3da71-a0bf-4ade-abb5-921767fd5be4,999848659,42455079000195,Rua Major Ladislau Ferreira 487,Mascarenhas de Morais Abraao Alab,69900279,4.7,,"""Marmita""","""$""",Rio Branco
Getsemani Doces e Salgados | RIO BRANCO | iFood,https://www.ifood.com.br/delivery/rio-branco-ac/getsemani-doces-e-salgados-tancredo-neves/637e1aba-e1c4-429c-846f-8bf275a82a40,999727175,14072266000154,Rua 25 de Dezembro 643,Tancredo Neves,69921713,4.8,,"""Salgados""","""$""",Rio Branco
Bob’s Drive Parque Maternidade | RIO BRANCO | iFood,https://www.ifood.com.br/delivery/rio-branco-ac/bobs-drive-parque-maternidade-bosque/63ca9c28-de19-4401-8393-82490fa145c3,40032665,08342951000150,TRAVESSA ALAGOAS I 21,BOSQUE,69900400,4.6,,"""Lanches""","""$""",Rio Branco
Lins Marmitaria Rápida e Barata | RIO BRANCO | iFood,https://www.ifood.com.br/delivery/rio-branco-ac/lins-marmitaria-rapida-e-barata-conquista/701d5845-a220-4e34-8e96-2f2e9642d5fc,999489070,10484605000159,Rua Valdomiro Lopes 770,Conquista,69918764,4.8,,"""Marmita""","""$""",Rio Branco
Deck Bib&#x27;s - Esfihas Pizzas &amp; Coxinhas | RIO BRANCO | iFood,https://www.ifood.com.br/delivery/rio-branco-ac/deck-bibs---esfihas-pizzas--coxinhas-dom-giocondo/993beddd-ea25-40f6-add0-1030f7b29e7a,21028353,26136464000113,RUA DOS PROFESSORES 0,DOM GIOCONDO,69900291,4.9,,"""Lanches""","""$$$""",Rio Branco
Mimu´s Doceria | RIO BRANCO | iFood,https://www.ifood.com.br/delivery/rio-branco-ac/mimus-doceria-novo-horizonte/9e0f22c8-d156-485e-b5bf-c4ce7e97de4c,999127175,45119629000193,Estrada da Floresta 731,Novo Horizonte,69911422,4.9,,"""Doces &amp; Bolos""","""$""",Rio Branco
Espetinhos do Lucas | RIO BRANCO | iFood,https://www.ifood.com.br/delivery/rio-branco-ac/espetinhos-do-lucas-conjunto-adalberto-sena/c2af461d-d142-485d-8521-e6312cd1dbee,999570292,12076812000108,Rua Gavião 2024,Conjunto Adalberto Sena,69921198,4.8,,"""Lanches""","""$$""",Rio Branco
Tiaguenta do Lânio - lanche | RIO BRANCO | iFood,https://www.ifood.com.br/delivery/rio-branco-ac/tiaguenta-do-lanio---lanche-vitoria/05204a2b-2b4e-4d81-b04a-4394a1393835,984044848,54869197000129,Avenida Boa Ventura 510,Vitória,69901800,4.8,,"""Comida Brasileira""","""$""",Rio Branco
Picanha Mix Parque | RIO BRANCO | iFood,https://www.ifood.com.br/delivery/rio-branco-ac/picanha-mix-parque-capoeira/4528bf17-249e-438e-9dea-cb8376536209,999093030,21019122000108,Travessa Felisbela do Nascimento 285,Capoeira,69905008,4.8,,"""Carnes""","""$""",Rio Branco
Yoshida Sushi Delivery | RIO BRANCO | iFood,https://www.ifood.com.br/delivery/rio-branco-ac/yoshida-sushi-delivery-conjunto-esperanca/4a9e0609-3327-4da0-ba82-5923c8f149c3,999483522,36637554000141,Rua Raimundo Melo 157,Conjunto Esperança,69915130,4.7,,"""Comida Japonesa""","""$""",Rio Branco
Two Guys Burger - Smash Burger | RIO BRANCO | iFood,https://www.ifood.com.br/delivery/rio-branco-ac/two-guys-burger---smash-burger-bosque/56664217-3ca2-418b-a7a3-e7a36ac8a90b,992596368,25058042000104,RUA PERNAMBUCO 755,BOSQUE,69900433,4.9,,"""Lanches""","""$""",Rio Branco
Imperium Lanches | RIO BRANCO | iFood,https://www.ifood.com.br/delivery/rio-branco-ac/imperium-lanches-nova-esperanca/6398f9cb-2b67-4fb7-8b94-9278ab2a4783,981088608,48942719000178,Rua Cristo Rei 239,Nova Esperança,69915216,4.6,,"""Lanches""","""$""",Rio Branco
Salgados do Irmão | RIO BRANCO | iFood,https://www.ifood.com.br/delivery/rio-branco-ac/salgados-do-irmao-geraldo-fleming/9ff02959-fd21-4ae0-a413-2cbff6dade57,32280950,23814682000171,Rua valdomiro lopes 1220,Geraldo fleming,69918850,4.9,,"""Salgados""","""$$""",Rio Branco
Na Brasa Burguer | RIO BRANCO | iFood,https://www.ifood.com.br/delivery/rio-branco-ac/na-brasa-burguer-paz/bc1a0716-eec7-4513-8767-23f0bd969c50,992575157,05121497000110,Estrada Alberto Torres 2559,Paz,69919230,4.4,,"""Lanches""","""$""",Rio Branco
Deck Sushi - Delivery Rápido | RIO BRANCO | iFood,https://www.ifood.com.br/delivery/rio-branco-ac/deck-sushi---delivery-rapido-bosque/e52b6c34-b43f-4fa6-a024-bbcb797ea8c5,33016224,23446287000345,Avenida Getúlio Vargas 1782,Bosque,69900613,4.9,,"""Comida Japonesa""","""$$$$$""",Rio Branco
Picanha Mix Isaura Parente | RIO BRANCO | iFood,https://www.ifood.com.br/delivery/rio-branco-ac/picanha-mix-isaura-parente-isaura-parente/ea19c31c-924c-45ad-afd5-50dba217515c,999744771,12770586000152,R. Isaura Parente 1772,Isaura Parente,69918270,4.7,,"""Comida Brasileira""","""$$""",Rio Branco
Restaurante Mata Nativa - Floresta | RIO BRANCO | iFood,https://www.ifood.com.br/delivery/rio-branco-ac/restaurante-mata-nativa---floresta-lba-vila-betel-ii/ecd8e1dd-1169-4c12-afa4-466443242b20,32213004,51444746000125,ESTRADA DO CALAFATE 965,LBA VILA BETEL II,69915196,4.9,,"""Comida Brasileira""","""$""",Rio Branco
Insano Lanches | RIO BRANCO | iFood,https://www.ifood.com.br/delivery/rio-branco-ac/insano-lanches-placas/1b1a7861-6142-4a2d-bc23-8d0697661efd,984127028,34279822000175,Rua Jarbas Passarinho 500,Placas,69903190,4.8,,"""Lanches""","""$$""",Rio Branco
Açaiteria Gourmet | RIO BRANCO | iFood,https://www.ifood.com.br/delivery/rio-branco-ac/acaiteria-gourmet-nova-esperanca/586b0c5f-31db-4aa6-a8d6-5d43e6ff6ae0,992030224,30036256000110,Estrada do Calafate 615,Nova Esperança,69915196,4.9,,"""Açaí""","""$$""",Rio Branco
A Baronesa | RIO BRANCO | iFood,https://www.ifood.com.br/delivery/rio-branco-ac/a-baronesa-conjunto-manoel-juliao/6f25a33c-c232-48b4-ba2e-4d27354d4a80,40030053,30145497000105,R Marcelino Machado 43,Conjunto Manoel Julião,69918442,4.8,,"""Padaria""","""$""",Rio Branco
Restaurante e Pizzaria Lins | RIO BRANCO | iFood,https://www.ifood.com.br/delivery/rio-branco-ac/restaurante-e-pizzaria-lins-conquista/9a3297d3-cff8-4d63-9f0d-f6f6a5683f24,999489070,10484605000159,Rua Valdomiro Lopes 770,Conquista,69918764,4.8,,"""Comida Brasileira""","""$""",Rio Branco
Lanchonete do Jacaré | RIO BRANCO | iFood,https://www.ifood.com.br/delivery/rio-branco-ac/lanchonete-do-jacare-manoel-juliao/cb48553a-3aa1-40e1-8ef1-c8539934b899,40030053,35711685000169,Rua do Comercio 234,Manoel Julião,69918440,4.9,,"""Lanches""","""$$""",Rio Branco
Feijão no Prato Restaurante e Marmitaria | RIO BRANCO | iFood,https://www.ifood.com.br/delivery/rio-branco-ac/feijao-no-prato-restaurante-e-marmitaria-capoeira/f9fad2f4-6fd6-4843-9326-377979fdda2a,920009226,52362759000118,Travessa Campo do Rio Branco 291,Capoeira,69905022,4.8,,"""Marmita""","""$""",Rio Branco
Tiaguenta Manoel Julião | RIO BRANCO | iFood,https://www.ifood.com.br/delivery/rio-branco-ac/tiaguenta-manoel-juliao-conjunto-manoel-juliao/fa3f0099-9fca-4e5e-bd4e-c2640900db57,999302235,17018902000158,Rua Marcelino Machado 417,Conjunto Manoel Julião,69918442,4.6,,"""Lanches""","""$""",Rio Branco
Mais Coxinhas | RIO BRANCO | iFood,https://www.ifood.com.br/delivery/rio-branco-ac/mais-coxinhas-vilage-tiradentes/fac14de2-3c5a-48e7-9888-5efb402128be,40032665,33441157000101,Rua Sebastião Nunes da Silva 307,Vilage Tiradentes,69914104,5,,"""Lanches""","""$""",Rio Branco
Tudão Lanches | RIO BRANCO | iFood,https://www.ifood.com.br/delivery/rio-branco-ac/tudao-lanches-conjunto-manoel-juliao/fd503cf7-647e-46fa-ac1b-6c31e13559a4,21021485,20282076000164,Rua Aderbal Brasil 116,Conjunto Manoel Julião,69918430,4.7,,"""Lanches""","""$""",Rio Branco
Império do Tacacá | RIO BRANCO | iFood,https://www.ifood.com.br/delivery/rio-branco-ac/imperio-do-tacaca-ivete-vargas/1014eaab-854a-4da2-ac9b-209af98eeb61,999395343,41998389000193,Rua Leblon 530,Ivete Vargas,69900190,4.9,,"""Típica do Norte""","""$""",Rio Branco
Açaí Mania | RIO BRANCO | iFood,https://www.ifood.com.br/delivery/rio-branco-ac/acai-mania-bosque/3c6c75fe-a505-46e8-9889-3f5b392755e9,999084862,34070371000161,Avenida Getúlio Vargas 2211,Bosque,69900607,4.9,,"""Açaí""","""$""",Rio Branco
O Boneco Pizzaria e Restaurante | RIO BRANCO | iFood,https://www.ifood.com.br/delivery/rio-branco-ac/o-boneco-pizzaria-e-restaurante-aviario/50b722ef-122f-4ab6-97fb-44846346e64b,40030053,11425467000108,Estrada do Aviário 149,Aviário,69900830,4.9,,"""Pizza""","""$$$""",Rio Branco
Panificadora Boa União | RIO BRANCO | iFood,https://www.ifood.com.br/delivery/rio-branco-ac/panificadora-boa-uniao-boa-uniao/60b43c3c-c308-447b-af63-c116a9c59382,40032665,03505019000188,Avenida Fares Fegali 89,Boa União,69911784,4.9,,"""Padaria""","""$""",Rio Branco
Yoshida Sushi  | RIO BRANCO | iFood,https://www.ifood.com.br/delivery/rio-branco-ac/yoshida-sushi-conjunto-esperanca/93f1a6b7-c244-4e83-ac99-3559ee69fe38,999483522,50894616000121,Travessa Raimundo Melo 157,Conjunto Esperança,69915130,4.7,,"""Comida Japonesa""","""$""",Rio Branco
Vai de Soberanos - Hamburgueria Artesanal  | RIO BRANCO | iFood,https://www.ifood.com.br/delivery/rio-branco-ac/vai-de-soberanos---hamburgueria-artesanal-bosque/b14b807f-372f-48bf-a517-d3ff998a8106,999242321,52162961000104,Rua Guiomard Santos 353,Bosque,69900724,4.8,,"""Lanches""","""$""",Rio Branco
Pizzaria Casa da Pizza | Rio Branco | iFood,https://www.ifood.com.br/delivery/rio-branco-ac/pizzaria-casa-da-pizza-vila-ivonete/fdc1aebc-5c11-41eb-8a55-ce53e9b56ca2,32284582,20964211000151,Avenida Antônio da Rocha Viana 2821,Vila Ivonete,69914460,4.7,,"""Pizza""","""$$$""",Rio Branco
"El Shaday Lanche, Pizzaria Xavier Maia | RIO BRANCO | iFood",https://www.ifood.com.br/delivery/rio-branco-ac/el-shaday-lanche-pizzaria-xavier-maia-parque-dos-sabias/160b23d7-d337-410b-be94-9f46dd352766,40032665,47039364000149,Estrada Jarbas Passarinho 596,Parque dos Sabiás,69903190,4.8,,"""Lanches""","""$""",Rio Branco
Deck Burger - Delivery Rápido | RIO BRANCO | iFood,https://www.ifood.com.br/delivery/rio-branco-ac/deck-burger---delivery-rapido-capoeira/1aacff86-3ec5-4159-94a4-44e134073a4e,21025738,23446287000183,TV EGITO 103 103,CAPOEIRA,69905016,4.8,,"""Lanches""","""$""",Rio Branco
Chalé do Trigo - Pães e Doces | RIO BRANCO | iFood,https://www.ifood.com.br/delivery/rio-branco-ac/chale-do-trigo---paes-e-doces-aviario/6d8d1060-70d5-4808-acd4-fa08fe6aee36,40032665,14362842000106,RUA RAUL BARCELAR 124,AVIÁRIO,69900842,4.9,,"""Padaria""","""$$""",Rio Branco
Tok Acriano Delivery Marmita | RIO BRANCO | iFood,https://www.ifood.com.br/delivery/rio-branco-ac/tok-acriano-delivery-marmita-mascarenhas-de-morais-abraao-alab/7b8f3e4f-13e2-4b77-b359-82cd9617eaf5,992380030,42455079000195,Rua Major Ladislau Ferreira 487,Mascarenhas de Morais Abraao Alab,69900279,4.6,,"""Comida Brasileira""","""$""",Rio Branco
Brasero Espetos &amp; Caldos - Vila Rio | RIO BRANCO | iFood,https://www.ifood.com.br/delivery/rio-branco-ac/brasero-espetos--caldos---vila-rio-jardim-de-alah/cfc7d045-163c-4eaa-9087-9f713ec376da,999127611,39936287000100,Rua Fátima Maia 300,Jardim de Alah,69915572,4.7,,"""Comida Brasileira""","""$$$""",Rio Branco
Pizza Mix | RIO BRANCO | iFood,https://www.ifood.com.br/delivery/rio-branco-ac/pizza-mix-capoeira/005861a6-fa96-4426-a9a6-519e27ce6d9d,999301010,21019122000280,Travessa Felisbela do Nascimento 285,Capoeira,69905008,4.8,,"""Pizza""","""$$$""",Rio Branco
Artesanale Brownies | RIO BRANCO | iFood,https://www.ifood.com.br/delivery/rio-branco-ac/artesanale-brownies-conjunto-manoel-juliao/0839ac61-3ac0-4bff-a19e-e07a944818c2,992167946,39657049000157,Rua Comércio 211,Conjunto Manoel Julião,69918440,4.9,,"""Doces &amp; Bolos""","""$""",Rio Branco
El Shaday Ipê | RIO BRANCO | iFood,https://www.ifood.com.br/delivery/rio-branco-ac/el-shaday-ipe-distrito-industrial/0f5f1d18-18a6-4b59-ac1e-0c79e0758cd8,40032665,35483755000250,BR-364 4670,Distrito Industrial,00069911,4.9,,"""Açaí""","""$""",Rio Branco
Marmitaria Prato Cheio | RIO BRANCO | iFood,https://www.ifood.com.br/delivery/rio-branco-ac/marmitaria-prato-cheio-capoeira/1cc912a7-fd0c-43da-8b6c-49f87a4df631,920009226,11999662000133,TRAVESSA CAMPO DO RIO BRANCO 291,CAPOEIRA,69905022,4.8,,"""Marmita""","""$""",Rio Branco
D&#x27;terra Burguer | RIO BRANCO | iFood,https://www.ifood.com.br/delivery/rio-branco-ac/dterra-burguer-triangulo/2a4ed85d-e0d5-45fc-94a9-98eb65ad5bac,984094989,45773730000163,Via Chico Mendes 528,Triângulo,69900000,4.9,,"""Lanches""","""$""",Rio Branco
Pizza Mix - Isaura Parente | RIO BRANCO | iFood,https://www.ifood.com.br/delivery/rio-branco-ac/pizza-mix---isaura-parente-isaura-parente/606d8a87-2c26-4fcf-b66a-71e4bb71416d,999744771,21019122000280,Rua Isaura Parente 1772,Isaura Parente,69918270,4.9,,"""Pizza""","""$""",Rio Branco
Fogao a Lenha | RIO BRANCO | iFood,https://www.ifood.com.br/delivery/rio-branco-ac/fogao-a-lenha-novo-horizonte/61ba3c2f-3361-4fd6-9d8b-0c4e0679e88f,40032665,13003244000170,ESTRADA DA FLORESTA 620,NOVO HORIZONTE,69915254,4.6,,"""Comida Brasileira""","""$""",Rio Branco
Bom Tempero Churrascaria (gamileira) | RIO BRANCO | iFood,https://www.ifood.com.br/delivery/rio-branco-ac/bom-tempero-churrascaria-gamileira-seis-de-agosto/66605c72-3b94-4f5a-91fc-727ac96c0d32,984266730,43099198000115,"Rua: Cunha matos, 315- seis de agosto 315",Seis de Agosto,69905590,4.9,,"""Marmita""","""$""",Rio Branco
Brasão Norte Hamburgueria | RIO BRANCO | iFood,https://www.ifood.com.br/delivery/rio-branco-ac/brasao-norte-hamburgueria-mocinha-magalhaes/753e840f-8d9a-4322-86a9-c9e9e808b697,984286892,60976273000106,Rua Melancia 537,Mocinha Magalhães,69920020,5,,"""Hambúrguer""","""$""",Rio Branco
Tacaca do Toinho | RIO BRANCO | iFood,https://www.ifood.com.br/delivery/rio-branco-ac/tacaca-do-toinho-bosque/85a79a9b-1f17-4655-98e3-2b1a82614d61,40032665,11885368000109,Rua Coronel Alexandrino 635,Bosque,69900697,4.7,,"""Comida Brasileira""","""$""",Rio Branco
Restaurante Mata Nativa - Morada do Sol | RIO BRANCO | iFood,https://www.ifood.com.br/delivery/rio-branco-ac/restaurante-mata-nativa---morada-do-sol-morada-do-sol/90a17d2f-1616-4517-9328-b80c8bafe152,992103596,08133200000124,Rua Marte 1052,Morada do Sol,69901154,4.9,,"""Comida Brasileira""","""$$$$$""",Rio Branco
China in Box - Rio Branco | RIO BRANCO | iFood,https://www.ifood.com.br/delivery/rio-branco-ac/china-in-box---rio-branco-bosque/ae7653ba-1b3f-4ac5-96dc-fe3af6797de7,32249090,52453932000193,Avenida Nações Unidas 361,Bosque,69900721,4.7,,"""Comida Chinesa""","""$""",Rio Branco
Cafe da Toinha | RIO BRANCO | iFood,https://www.ifood.com.br/delivery/rio-branco-ac/cafe-da-toinha-bosque/c15576c0-319c-4944-b936-2410b4a14caa,999449898,34706747000181,Rua Coronel Alexandrino 664,Bosque,69900658,4.8,,"""Cafeteria""","""$""",Rio Branco
Spoleto - Rio Branco | RIO BRANCO | iFood,https://www.ifood.com.br/delivery/rio-branco-ac/spoleto---rio-branco-bosque/c2084080-3398-4c00-8af4-08078d8c9085,40030053,29315004000140,AV NACOES UNIDAS 361,BOSQUE,69900721,4.8,,"""Comida Italiana""","""$$$""",Rio Branco
Imperium Hamburgueria | RIO BRANCO | iFood,https://www.ifood.com.br/delivery/rio-branco-ac/imperium-hamburgueria-nova-esperanca/c3193de2-ff8e-4662-937c-7fbfc9783bcb,40032665,42405388000150,Rua Cristo Rei 239,Nova Esperança,69915216,4.8,,"""Lanches""","""$""",Rio Branco
Chiquinho Sorvetes Bosque | RIO BRANCO | iFood,https://www.ifood.com.br/delivery/rio-branco-mt/chiquinho-sorvetes-bosque-bosque/e34355e4-eac9-4d9a-94ab-672ae4ba125c,992088237,50974692000147,Rua Quintino Bocaiuva 1689,Bosque,69900718,5,,"""Sorvetes""","""$""",Rio Branco
D&#x27;terra Restaurante | RIO BRANCO | iFood,https://www.ifood.com.br/delivery/rio-branco-ac/dterra-restaurante-triangulo-velho/03121ee5-12a7-4814-b054-cc8e6229f09a,999680912,00672371000110,Via Chico Mendes 528,Triângulo Velho,69906210,4.8,,"""Comida Brasileira""","""$$""",Rio Branco
El Shaday Rui Lino | RIO BRANCO | iFood,https://www.ifood.com.br/delivery/rio-branco-ac/el-shaday-rui-lino-conj-rio-lino/2b37f279-e3fe-4d3e-be75-a4248b11dd41,999772996,54980334000106,R. Padre Paulino 223,Conj. Rio Lino,69919830,4.9,,"""Açaí""","""$""",Rio Branco
Guia Delivery + | RIO BRANCO | iFood,https://www.ifood.com.br/delivery/rio-branco-ac/guia-delivery--estacao-experimental/5fa1b2d3-ec01-482e-abd1-6d0083da437f,999016872,23707794000123,Rua princesa isabel 469,estação experimental,69918176,4.8,,"""Pizza""","""$$$""",Rio Branco
Arena Conveniencia | RIO BRANCO | iFood,https://www.ifood.com.br/delivery/rio-branco-ac/arena-conveniencia-comara/62756c5a-9877-421d-8fe4-c37c3b4e064c,40032665,55772378000103,Via Chico Mendes 2583,Comara,69906326,4.8,,"""Marmita""","""$""",Rio Branco
Varanda Carioca | RIO BRANCO | iFood,https://www.ifood.com.br/delivery/rio-branco-ac/varanda-carioca-nova-esperanca/6669f1c4-cd23-4dc0-920e-6ec741ee942d,992819193,31485114000100,Avenida 7 de Setembro 290,Nova Esperança,69915220,4.4,,"""Marmita""","""$""",Rio Branco
Restaurante Puro Sabor | RIO BRANCO | iFood,https://www.ifood.com.br/delivery/rio-branco-ac/restaurante-puro-sabor-xavier-maia/6cd51dcb-ee66-4f18-931f-d2d15ee99bf0,996038939,42317265000168,Avenida Brasil 1320,Xavier Maia,69903068,4.8,,"""Marmita""","""$""",Rio Branco
Marmita - Churrascaria Du Cheffão | RIO BRANCO | iFood,https://www.ifood.com.br/delivery/rio-branco-ac/marmita---churrascaria-du-cheffao-manoel-juliao/82aaadc8-68da-42a8-8a16-68712a5f56c2,96078811,32801588000179,Rua Aderbal Brasil 574,Manoel Juliao,06991422,4.7,,"""Comida Brasileira""","""$$""",Rio Branco
Sorveteria e Pizzaria Pinguim | RIO BRANCO | iFood,https://www.ifood.com.br/delivery/rio-branco-ac/sorveteria-e-pizzaria-pinguim-bosque/8f34431e-3660-4d0f-9152-d793d218ff7b,40030053,04594511000130,AV CEARA 1930,BOSQUE,69900379,4.9,,"""Comida Italiana""","""$$$""",Rio Branco
Nova el Shaday Xavier Maia | RIO BRANCO | iFood,https://www.ifood.com.br/delivery/rio-branco-ac/nova-el-shaday-xavier-maia-parque-dos-sabias/99da689f-78e7-43a5-8540-287663ed1b7f,999508406,52261397000179,Estrada Jarbas Passarinho 596,Parque dos Sabiás,69903190,4.8,,"""Comida Árabe""","""$""",Rio Branco
N1 Chicken - Frango Frito Crocante | RIO BRANCO | iFood,https://www.ifood.com.br/delivery/rio-branco-ac/n1-chicken---frango-frito-crocante-nova-esperanca/a33c4763-3c95-462e-9b09-a6bdc0a66283,32232271,46126087000149,Estrada do Calafate 1119,Nova Esperança,69915196,4.4,,"""Lanches""","""$""",Rio Branco
Sorveteria Boneco de Neve | RIO BRANCO | iFood,https://www.ifood.com.br/delivery/rio-branco-ac/sorveteria-boneco-de-neve-bosque/d5084d0a-6ea7-4295-8eb8-d8e41daf2719,999025020,06944355000115,AV NACOES UNIDAS 129,Bosque,69900721,4.9,,"""Sorvetes""","""$$$""",Rio Branco
"Vila Monster - Pizza, Burger, Sushi &amp; Espetos | RIO BRANCO | iFood",https://www.ifood.com.br/delivery/rio-branco-ac/vila-monster---pizza-burger-sushi--espetos-vila-ivonete/fe7197c0-1daa-4d58-9ae9-dd584e562c76,996114297,47947224000179,Rua Benedito Maia com Av Getulio Vargas 47,Vila Ivonete,69918658,4.8,,"""Lanches""","""$""",Rio Branco
Boali Alimentação Saudavel - Rio Branco | RIO BRANCO | iFood,https://www.ifood.com.br/delivery/rio-branco-ac/boali-alimentacao-saudavel---rio-branco-vila-ivonete/0a81b315-5c34-4056-bdcc-cb5be5a43343,999999999,23446287000698,Rua Ipanema 209,Vila Ivonete,69914560,4.8,,"""Comida Saudável""","""$$$""",Rio Branco
Doce Deleite | RIO BRANCO | iFood,https://www.ifood.com.br/delivery/rio-branco-ac/doce-deleite-bosque/3821537a-0d7e-45b8-8b84-2dfdbafbe6c2,40030053,18065451000172,Avenida Nações Unidas 55,Bosque,69900721,4.7,,"""Doces &amp; Bolos""","""$$$""",Rio Branco
Maria e João Doceria | RIO BRANCO | iFood,https://www.ifood.com.br/delivery/rio-branco-ac/maria-e-joao-doceria-bosque/65c2ca19-2351-4bea-8dd7-f5a93f8ef4b9,992156900,43177946000130,Rua Milton Matos 265,Bosque,69900634,4.8,,"""Doces &amp; Bolos""","""$$""",Rio Branco
Pizzaria - Pizza em Casa | RIO BRANCO | iFood,https://www.ifood.com.br/delivery/rio-branco-ac/pizzaria---pizza-em-casa-wanderley-dantas/90d632bf-b98b-4cf8-b64f-e4a645778a04,32241631,14850049000148,Estrada Jarbas Passarinho 353,WANDERLEY DANTAS,69902790,4.8,,"""Pizza""","""$$$""",Rio Branco
Mata Nativa Pizzas &amp; Burgers-morada Sol | RIO BRANCO | iFood,https://www.ifood.com.br/delivery/rio-branco-ac/mata-nativa-pizzas--burgers-morada-sol-morada-do-sol/9de5ea01-f16e-4e7e-89cc-76d10bb9a660,992103596,40048805000120,Rua Urano 148,Morada do Sol,69901124,4.9,,"""Pizza""","""$""",Rio Branco
Napoli - Massa no Pote | RIO BRANCO | iFood,https://www.ifood.com.br/delivery/rio-branco-ac/napoli---massa-no-pote-bosque/c6fde9c9-ffa1-41cb-bde1-0c17d5cec657,992921000,25058042000104,Rua Pernambuco 455,Bosque,69900433,4.8,,"""Comida Brasileira""","""$""",Rio Branco
Espetão do João Delivery | RIO BRANCO | iFood,https://www.ifood.com.br/delivery/rio-branco-ac/espetao-do-joao-delivery-bosque/fc4a7926-2950-4be3-951c-d4866200ef73,992344293,44616105000145,Rua Dom Bôsco 653,Bosque,69909390,4.7,,"""Carnes""","""$""",Rio Branco
Bufalo - Churrascaria | RIO BRANCO | iFood,https://www.ifood.com.br/delivery/rio-branco-ac/bufalo---churrascaria-avenida-nacoes-unidas-numero-do-whatsappo-numero-de-whatsapp-nos-ajuda-a-ter-uma/ff722220-d477-4ab4-8afe-dd3dd3a94004,999845186,35654265000198,Avenida Nações Unidas 1348,Avenida Nações Unidas Número do WhatsappO número de Whatsapp nos ajuda a ter uma,69900520,4.7,,"""Comida Brasileira""","""$""",Rio Branco
Subway -  Via Verde Shopping | RIO BRANCO | iFood,https://www.ifood.com.br/delivery/rio-branco-ac/subway----via-verde-shopping-floresta-sul/05323797-7975-4b6a-b5f3-e60d6a507aed,40030053,18026886000108,Est da Floresta 2020,Floresta Sul,69912900,4.8,,"""Lanches""","""$$""",Rio Branco
Garagem Motorcycle Lanche - Rio Branco | RIO BRANCO | iFood,https://www.ifood.com.br/delivery/rio-branco-ac/garagem-motorcycle-lanche---rio-branco-ipase/08395f6c-1996-479e-aba4-598c35eb13a6,992114543,34762077000110,Rua Thaumaturgo de Azevedo 70,Ipase,69900339,4.8,,"""Lanches""","""$$""",Rio Branco
O Frango Burger - Chicken Delivery Rápid | RIO BRANCO | iFood,https://www.ifood.com.br/delivery/rio-branco-ac/o-frango-burger---chicken-delivery-rapid-bosque/21118083-00e2-46be-94e4-ffa6b3c31a97,992921000,55072749000136,Rua Pernambuco 755,Bosque,69900421,4.8,,"""Lanches""","""$""",Rio Branco
Jarude Restaurante Delivery | RIO BRANCO | iFood,https://www.ifood.com.br/delivery/rio-branco-ac/jarude-restaurante-delivery-conjunto-paulo-cesar/747a6c86-0160-4c32-bca1-8bd604a46ac4,32240266,38218934000177,Rua Isaura Parente 3048,Conjunto Paulo César,69919132,4.9,,"""Comida Árabe""","""$$$$$""",Rio Branco
Restaurante Churrascaria Point do Baião | RIO BRANCO | iFood,https://www.ifood.com.br/delivery/rio-branco-ac/restaurante-churrascaria-point-do-baiao-conjunto-mascarenhas-de-moraes/7b96173c-3325-42b8-b326-facb18fad233,30261037,46239751000166,Rua Rio de Janeiro 1854,Conjunto Mascarenhas de Moraes,69918012,4.9,,"""Marmita""","""$""",Rio Branco
Cantinho do Pastel | RIO BRANCO | iFood,https://www.ifood.com.br/delivery/rio-branco-ac/cantinho-do-pastel-estacao-experimental/a8797206-160d-4628-b1b5-ef161852574c,40030053,13232298000107,Av Nações Unidas 2897,Estação Experimental,69918172,4.9,,"""Lanches""","""$$""",Rio Branco
"Tempero Caseiro Express - Pediu, Chegou! | RIO BRANCO | iFood",https://www.ifood.com.br/delivery/rio-branco-ac/tempero-caseiro-express---pediu-chegou-bosque/b1162474-2bcf-4ca6-86d9-f7866d18ba7e,992921000,25058042000104,Rua Pernambuco 755,Bosque,69900421,4.9,,"""Comida Brasileira""","""$""",Rio Branco
Açaiteria Gourmet 2- Auto Posto Thalma | RIO BRANCO | iFood,https://www.ifood.com.br/delivery/rio-branco-ac/acaiteria-gourmet-2--auto-posto-thalma-wanderley-dantas/c33be3c6-9376-4d78-a100-313896985b1b,992030224,30036256000110,Estrada das Placas 1442,Wanderley Dantas,69902813,4.9,,"""Açaí""","""$""",Rio Branco
"Pa Pum! Pizzaria Rápida - Pediu, Chegou! | RIO BRANCO | iFood",https://www.ifood.com.br/delivery/rio-branco-ac/pa-pum-pizzaria-rapida---pediu-chegou-bosque/d18629bd-1820-4702-9e3f-dcc7c6e2bf0f,992921000,25058042000104,Rua Pernambuco 755,Bosque,69900421,4.9,,"""Pizza""","""$""",Rio Branco
Marlene Restaurante | RIO BRANCO | iFood,https://www.ifood.com.br/delivery/rio-branco-ac/marlene-restaurante-paz/e78f7c3a-15ba-4c9f-93b1-cbf69b1d2388,996120364,30331753000140,Estrada Alberto Torres 946,Paz,69919230,4.7,,"""Marmita""","""$""",Rio Branco
Café do Bruno | RIO BRANCO | iFood,https://www.ifood.com.br/delivery/rio-branco-ac/cafe-do-bruno-residencial-iolanda/ea94aff7-80e9-4880-be13-eedf097705b9,992428610,40495691000166,Travessa da Conquista 0,Residencial Iolanda,69918888,4.9,,"""Lanches""","""$""",Rio Branco
Freguesia Hamburgueria - Morada do Sol | RIO BRANCO | iFood,https://www.ifood.com.br/delivery/rio-branco-ac/freguesia-hamburgueria---morada-do-sol-morada-do-sol/f0d4e73a-a6fe-4cec-bdfa-1926795b208c,992292901,17721849000157,Rua Marte 1720,MORADA DO SOL,69901091,4.8,,"""Lanches""","""$$$$""",Rio Branco
El-shaday Expresspremium da Seis de Agos | RIO BRANCO | iFood,https://www.ifood.com.br/delivery/rio-branco-ac/el-shaday-expresspremium-da-seis-de-agos-seis-de-agosto/15392fd3-c0d8-4347-b3d6-f9eebaf8cef0,32442020,09510626000112,AV.DR PEREIRA PASSOS 104,SEIS DE AGOSTO,69905611,4.9,,"""Lanches""","""$$""",Rio Branco
Brasa Burger | RIO BRANCO | iFood,https://www.ifood.com.br/delivery/rio-branco-ac/brasa-burger-jardim-de-alah/1aa11022-8064-4e42-a738-aa2b814a48a3,999827070,33837237000180,Rua Fátima Maia 1397,Jardim de Alah,69915572,4.8,,"""Hambúrguer""","""$""",Rio Branco
Cantinho do Pastel -bosque | RIO BRANCO | iFood,https://www.ifood.com.br/delivery/rio-branco-ac/cantinho-do-pastel--bosque-bosque/3a1c7d7c-0d8e-428e-b630-75646226acba,999723390,60303136000100,Avenida Nações Unidas 683,Bosque,69900463,4.9,,"""Pastel""","""$""",Rio Branco
Lanche Mirante | RIO BRANCO | iFood,https://www.ifood.com.br/delivery/rio-branco-ac/lanche-mirante-abrahao-alab/64d52a59-00c4-4d0d-a224-b10523b00dc3,32273883,10556316000118,R MAJOR LADISLAU FERREIRA 1061,ABRAHAO ALAB,69907010,4.7,,"""Lanches""","""$$""",Rio Branco
Churrascaria &amp; Restaurante Q Gula | RIO BRANCO | iFood,https://www.ifood.com.br/delivery/rio-branco-ac/churrascaria--restaurante-q-gula-centro/c66ec445-79f4-4e62-bd0a-c8253b6c8533,999677070,24331912000104,Rua Rio de Janeiro 978,Centro,69918060,4.7,,"""Comida Brasileira""","""$""",Rio Branco
Avalanche | RIO BRANCO | iFood,https://www.ifood.com.br/delivery/rio-branco-ac/avalanche-nova-esperanca/d7e04ec0-1701-4634-94b1-436a50d02a4b,999920089,49191740000141,Avenida 7 de Setembro 49,Nova Esperança,69915220,4.8,,"""Lanches""","""$""",Rio Branco
Coconut Gourmet Bolos e Doces | RIO BRANCO | iFood,https://www.ifood.com.br/delivery/rio-branco-ac/coconut-gourmet-bolos-e-doces-conj-paulo-cesar-de-oliveira/18cb8c2e-4b37-47ee-8229-c278f11d685c,992625353,36219211000167,Rua Isaura Parente 3048,Conj. Paulo Cesar de Oliveira,69919132,4.9,,"""Doces &amp; Bolos""","""$""",Rio Branco
Conquest_lanche | RIO BRANCO | iFood,https://www.ifood.com.br/delivery/rio-branco-ac/conquestlanche-manoel-juliao/5b2c6cbe-428a-4c59-9ebc-4fc3ca74db23,999746385,43674057000189,Rua Áureliano Lopes 24,Manoel Julião,69918414,4.9,,"""Lanches""","""$""",Rio Branco
Floresta Lanche | RIO BRANCO | iFood,https://www.ifood.com.br/delivery/rio-branco-ac/floresta-lanche-base/5b3ecfab-a4b1-4228-980b-dd0e04e47380,984050243,39261602000138,Rua Rio de Janeiro 1824,Base,69906240,4.8,,"""Lanches""","""$""",Rio Branco
Resenha Burguer | RIO BRANCO | iFood,https://www.ifood.com.br/delivery/rio-branco-ac/resenha-burguer-vila-ivonete/933877dd-5cd8-428d-b68d-dff65f4356c4,999296571,40381033000143,Avenida Getúlio Vargas 3460,Vila Ivonete,69918616,4,,"""Lanches""","""$""",Rio Branco
Zero Grau Sorvetes | RIO BRANCO | iFood,https://www.ifood.com.br/delivery/rio-branco-ac/zero-grau-sorvetes-bairro-distrito-conjunto-monoel-juliao/d692f39d-2c11-4d1c-a75c-7a2dad6cd36f,40030053,10802530000107,LOGRADOUROR AURELIANO LOPES 86,BAIRRO/DISTRITO CONJUNTO MONOEL JULIAO,69918414,4.9,,"""Pizza""","""$$""",Rio Branco
Lá Pizza do Deck - Pizzaria Delivery Rápido | RIO BRANCO | iFood,https://www.ifood.com.br/delivery/rio-branco-ac/la-pizza-do-deck---pizzaria-delivery-rapido-dom-giocondo/3b72c8c7-b79b-46d7-8f52-6692b9d4c9a7,21028353,26136464000113,RUA DOS PROFESSORES 0,DOM GIOCONDO,69900291,4.8,,"""Pizza""","""$""",Rio Branco
Espetinho do Chico | RIO BRANCO | iFood,https://www.ifood.com.br/delivery/rio-branco-ac/espetinho-do-chico-joao-eduardo-ii/577db56b-278d-466a-a4e1-717c8464fd90,40032665,57967123000113,Rua Ozaninha 341,João Eduardo II,69911538,4.9,,"""Comida Brasileira""","""$""",Rio Branco
Ponto Certo Churrasquinho | RIO BRANCO | iFood,https://www.ifood.com.br/delivery/rio-branco-ac/ponto-certo-churrasquinho-vila-ivonete/5b667288-aace-4c41-910d-1740e6746616,999759252,04375872000195,Avenida Getúlio Vargas 3714,Vila Ivonete,69918642,4.9,,"""Carnes""","""$""",Rio Branco
Milky Moo - Via Verde Shopping | RIO BRANCO | iFood,https://www.ifood.com.br/delivery/rio-branco-ac/milky-moo---via-verde-shopping-floresta-sul/5e5af5e5-75f9-4f5a-bdf8-caa86efdee22,40032665,45882483000133,Estrada da Floresta 2320,Floresta Sul,69912900,4.9,,"""Sorvetes""","""$""",Rio Branco
Açaidera Guia | RIO BRANCO | iFood,https://www.ifood.com.br/delivery/rio-branco-ac/acaidera-guia-estacao-experimental/82fd44e0-e3cd-43e0-b8da-f4788ac322c2,992088148,53904039000108,Rua Princesa Isabel 469,Estação Experimental,69918176,4.9,,"""Açaí""","""$""",Rio Branco
Restaurante Churrascaria Baixada do Sol | RIO BRANCO | iFood,https://www.ifood.com.br/delivery/rio-branco-ac/restaurante-churrascaria-baixada-do-sol-joao-eduardo-i/becb3eb3-980f-47af-bf34-9584f0bfeeba,32285302,52011206000110,RUA CAMPO GRANDE 445,JOAO EDUARDO I,69911468,4.8,,"""Comida Brasileira""","""$""",Rio Branco
SOPARIA FLORESTA  | RIO BRANCO | iFood,https://www.ifood.com.br/delivery/rio-branco-ac/soparia-floresta-conjunto-mascarenhas-de-moraes/c680e45b-4bdd-4d37-a22c-9673685735c2,999200444,05958372000149,Rua Rio de Janeiro 1821,Conjunto Mascarenhas de Moraes,69918012,4.8,,"""Sopas &amp; Caldos""","""$""",Rio Branco
Filadelfia Gastronomia | RIO BRANCO | iFood,https://www.ifood.com.br/delivery/rio-branco-ac/filadelfia-gastronomia-jose-augusto/d014b158-392a-4cec-8084-0f5fbca831e5,992384242,42217540000171,Rua Ponta Porã 125,José Augusto,69900812,4.9,,"""Comida Japonesa""","""$""",Rio Branco
Bella Rio Branco Pães e Gastronomia | RIO BRANCO | iFood,https://www.ifood.com.br/delivery/rio-branco-ac/bella-rio-branco-paes-e-gastronomia-ceramica/efb797c2-71e7-4607-b092-0659d8c557ac,999829127,08603447000167,Avenida Ceará 761,Cerâmica,69905066,4.8,,"""Padaria""","""$""",Rio Branco
Tentadora Pizzaria e Espetinho | RIO BRANCO | iFood,https://www.ifood.com.br/delivery/rio-branco-ac/tentadora-pizzaria-e-espetinho-ivete-vargas/23e9be9d-ae6a-4270-8139-b6e20f35692f,40032665,36069498000196,Rua Leblon 120,Ivete Vargas,69900190,4.8,,"""Pizza""","""$""",Rio Branco
Suprema Burger | RIO BRANCO | iFood,https://www.ifood.com.br/delivery/rio-branco-ac/suprema-burger-bosque/23ffb1da-f984-4fbe-8f4f-7d9b012e641d,999990065,55890284000120,Via Parque 100,Bosque,69908290,4.8,,"""Lanches""","""$""",Rio Branco
Burger King - Via Verde Shopping | RIO BRANCO | iFood,https://www.ifood.com.br/delivery/rio-branco-ac/burger-king---via-verde-shopping-floresta-sul/88178c61-69c1-4be4-b9bf-6f70b9f7f31b,30035464,26995025000166,Estrada da Floresta Shopping Via Verde 2320,FLORESTA SUL,69912900,4.6,,"""Lanches""","""$$""",Rio Branco
Estação 237 Restaurante e Hamburgueria | RIO BRANCO | iFood,https://www.ifood.com.br/delivery/rio-branco-ac/estacao-237-restaurante-e-hamburgueria-estacao-experimental/9a400aac-b5af-4c18-baab-1c15730679d8,992815151,29244430000130,Travessa Icó 237,Estação Experimental,69918204,4.8,,"""Lanches""","""$""",Rio Branco
El Shaday Mercado Bosque | RIO BRANCO | iFood,https://www.ifood.com.br/delivery/rio-branco-ac/el-shaday-mercado-bosque-bosque/9c057985-540e-4ff5-8a17-f8bea5d28a8c,40032665,55713369000133,Av. Nações Unidas 635,Bosque,69900715,4.9,,"""Lanches""","""$""",Rio Branco
Água na Boca  Shopping | RIO BRANCO | iFood,https://www.ifood.com.br/delivery/rio-branco-ac/agua-na-boca--shopping-floresta-sul/a3f39668-7a0e-48ad-afd7-329df20ba33c,981213917,13698805000100,Estrada da Floresta 2320,Floresta Sul,69912900,4.7,,"""Comida Brasileira""","""$$$""",Rio Branco
Suprema Grill | RIO BRANCO | iFood,https://www.ifood.com.br/delivery/rio-branco-ac/suprema-grill-bosque/b08370e5-2e14-470a-be82-30748629560a,999531456,61095194000140,Via Parque 100,Bosque,69900415,4.9,,"""Lanches""","""$""",Rio Branco
Rio&#x27;s Pizzaria | RIO BRANCO | iFood,https://www.ifood.com.br/delivery/rio-branco-ac/rios-pizzaria-floresta/b6c830ea-8032-40e2-8223-5d40525fe0a3,40032665,43861336000151,ESTRADA DA FLORES 510,FLORESTA,69914220,4.7,,"""Pizza""","""$""",Rio Branco
Açaí Com Bolo | RIO BRANCO | iFood,https://www.ifood.com.br/delivery/rio-branco-ac/acai-com-bolo-vila-ivonete/1b3dff63-7409-4ecf-9f48-a85a394debd6,0,36174765000195,Avenida Getúlio Vargas 3702,VILA IVONETE,69918642,4.9,,"""Açaí""","""$$""",Rio Branco
Salgados Lanche do Zé  | RIO BRANCO | iFood,https://www.ifood.com.br/delivery/rio-branco-ac/salgados-lanche-do-ze-conjunto-habitacional-vila-betel-ii/208166dd-1a99-4d64-b735-446ac70b1300,992093469,62203956000148,Rua Conjunto LBA 231,Conjunto Habitacional Vila Betel II,69915296,4.9,,"""Salgados""","""$""",Rio Branco
Água na Boca Bosque | RIO BRANCO | iFood,https://www.ifood.com.br/delivery/rio-branco-ac/agua-na-boca-bosque-bosque/5f568a6b-46ad-4a87-bee8-10ee2b2ffad6,32247475,09451019000129,Rua Silvestre Coelho 646,Bosque,69900661,4.7,,"""Comida Brasileira""","""$$$$$""",Rio Branco
Café da Eli | RIO BRANCO | iFood,https://www.ifood.com.br/delivery/rio-branco-ac/cafe-da-eli-residencial-iolanda/6d0b6114-3922-4043-a804-a44f84d9249c,992577094,52990720000145,Travessa da Conquista 0,Residencial Iolanda,69918888,4.8,,"""Lanches""","""$""",Rio Branco
Deck Vila Rio - Esfihas &amp; Coxinhas | RIO BRANCO | iFood,https://www.ifood.com.br/delivery/rio-branco-ac/deck-vila-rio---esfihas--coxinhas-jardim-de-alah/706b9457-a402-41a6-a666-7b4febb08d7e,33000333,23446287000426,RUA FATIMA MAIA 390,JARDIM DE ALAH,69915572,4.8,,"""Lanches""","""$""",Rio Branco
Vivenda do Camarão - Rio Branco | RIO BRANCO | iFood,https://www.ifood.com.br/delivery/rio-branco-ac/vivenda-do-camarao---rio-branco-floresta-sul/78c95d64-0540-4ad5-8477-95e8476d816a,40030053,13631248000100,Estrada da Floresta 2320,Floresta Sul,69912900,4.7,,"""Frutos do Mar""","""$$$""",Rio Branco
Ta na Chapa Delivery - Lanches | RIO BRANCO | iFood,https://www.ifood.com.br/delivery/rio-branco-ac/ta-na-chapa-delivery---lanches-vitoria/81abd832-2ce4-44ff-a2c7-95ef46725cd0,992815890,55094024000149,Avenida Iguaçú 0,Vitória,69901692,4.8,,"""Lanches""","""$""",Rio Branco
Churrascaria Nf | RIO BRANCO | iFood,https://www.ifood.com.br/delivery/rio-branco-ac/churrascaria-nf-vitoria/8eb69c41-e16f-44b1-9415-b02bbe00c5d4,999712497,47891789000181,Estr. do São Francisco 2019,Vitória,69901815,4.7,,"""Comida Brasileira""","""$""",Rio Branco
Brasa Burger Av. Ceará | RIO BRANCO | iFood,https://www.ifood.com.br/delivery/rio-branco-ac/brasa-burger-av-ceara-bosque/c6674e4d-b275-4b20-a6fc-80a5fa2cfab6,40032665,55228296000194,Avenida Ceará 2026,Bosque,69900379,4.9,,"""Hambúrguer""","""$""",Rio Branco
Costelao da Floresta | RIO BRANCO | iFood,https://www.ifood.com.br/delivery/rio-branco-ac/costelao-da-floresta-conjunto-mascarenhas-de-moraes/f6bd598f-f341-43b2-b5f1-c22edcc6d25d,999175158,84329390000138,Rua Rio de Janeiro 1749,Conjunto Mascarenhas de Moraes,69918012,4.7,,"""Comida Brasileira""","""$""",Rio Branco
Espetão na Brasa | RIO BRANCO | iFood,https://www.ifood.com.br/delivery/rio-branco-ac/espetao-na-brasa-parque-dos-sabias/f7b57b2e-a054-4dd0-b9b2-cff2d213b08a,996102062,45228914000142,Estrada Jarbas Passarinho 834,Parque dos Sabiás,69903190,4.9,,"""Carnes""","""$""",Rio Branco
Deck Churrasco Chapas &amp; Espetos | RIO BRANCO | iFood,https://www.ifood.com.br/delivery/rio-branco-ac/deck-churrasco-chapas--espetos-capoeira/f9751722-ceb2-4709-bf32-c9ea6ca336d2,21025738,23446287000183,TV EGITO 103 103,CAPOEIRA,69905016,4.7,,"""Comida Brasileira""","""$$$""",Rio Branco
Freguesia Hamburgueria - Shopping | RIO BRANCO | iFood,https://www.ifood.com.br/delivery/rio-branco-ac/freguesia-hamburgueria---shopping-floresta-sul/24274d98-f160-4af9-905f-bb5901f8b866,992316160,26353069000192,Estrada da Floresta 2320,Floresta Sul,69912900,4.8,,"""Lanches""","""$""",Rio Branco
Marlene Salgadinhos | RIO BRANCO | iFood,https://www.ifood.com.br/delivery/rio-branco-ac/marlene-salgadinhos-conjunto-tucuma/382482be-157b-43ab-8548-a6d9e499f9b8,999332351,14003460000188,Avenida Norte 339,Conjunto Tucumã,69919784,4.9,,"""Salgados""","""$""",Rio Branco
Mario Gourmet Delivery | RIO BRANCO | iFood,https://www.ifood.com.br/delivery/rio-branco-ac/mario-gourmet-delivery-conjunto-esperanca/44fd508a-b954-448b-90f3-46b346d9d6a5,996052823,13139004000105,Rua Cruzeiro do Sul 285,Conjunto Esperança,69915122,4.9,,"""Comida Brasileira""","""$""",Rio Branco
Super Smash Burguer | RIO BRANCO | iFood,https://www.ifood.com.br/delivery/rio-branco-ac/super-smash-burguer-paz/99082927-1add-46f1-9bf4-016f56f368b2,974001212,59981246000134,Estrada Alberto Torres 986,Paz,69919230,4.4,,"""Hambúrguer""","""$""",Rio Branco
Best Burger - Hamburgueria | RIO BRANCO | iFood,https://www.ifood.com.br/delivery/rio-branco-ac/best-burger---hamburgueria-nova-estacao/c78aaf87-54ea-4130-8e6f-659d6f984a44,992430325,48167310000121,Rua Otávio Rola 327,Nova Estação,69918388,4.9,,"""Hambúrguer""","""$""",Rio Branco
Só Frango Restaurante -gal. Center Ville | RIO BRANCO | iFood,https://www.ifood.com.br/delivery/rio-branco-ac/so-frango-restaurante--gal-center-ville-jardim-de-alah/c8cb7854-6f5f-4f02-a627-b5cff75ebbe0,999540917,28466409000206,RUA FATIMA MAIA 380,JARDIM DE ALAH,69915572,4.9,,"""Comida Brasileira""","""$""",Rio Branco
Magrão Lanches Açaí Restaurante Pizzaria  | RIO BRANCO | iFood,https://www.ifood.com.br/delivery/rio-branco-ac/magrao-lanches-acai-restaurante-pizzaria-6-de-agosto/f0b9a135-9611-4de7-adc6-e26996f53c62,999619125,52365372000115,R. Dezesseis de Outubro 34,6 de Agosto,69905524,4.7,,"""Lanches""","""$""",Rio Branco
Restaurante Pao de Queijo | RIO BRANCO | iFood,https://www.ifood.com.br/delivery/rio-branco-ac/restaurante-pao-de-queijo-7-bec/647d3498-2de6-4d22-9fdf-158ef67e6db1,40032665,06039862000104,Avenida Nações Unidas 2123,7º BEC,69918093,4.9,,"""Comida Brasileira""","""$$$$""",Rio Branco
Tao Sushi &amp; Poke - (Und. Center Ville) | RIO BRANCO | iFood,https://www.ifood.com.br/delivery/rio-branco-ac/tao-sushi--poke---und-center-ville-jardim-de-alah/67d3307f-9fba-43ae-9ead-cdb3a89e5fb7,992569030,47934291000159,RUA FATIMA MAIA 208,JARDIM DE ALAH,69915572,4.9,,"""Comida Japonesa""","""$""",Rio Branco
Deck Trattoria - Massas Risotos &amp; Pizzas | RIO BRANCO | iFood,https://www.ifood.com.br/delivery/rio-branco-ac/deck-trattoria---massas-risotos--pizzas-dom-giocondo/c0960900-f124-4bbc-b5e1-2875cd969e22,33016846,23446287000264,R. Manoel Rodrigues de Souza 0,Dom Giocondo,69900282,4.7,,"""Comida Italiana""","""$$$$""",Rio Branco
Café da Suzi | RIO BRANCO | iFood,https://www.ifood.com.br/delivery/rio-branco-ac/cafe-da-suzi-bosque/0c8e7171-3e10-446b-a7d2-9a88f633455b,999140496,36912554000102,RUA CORONEL ALEXANDRINO 631,BOSQUE,69900658,4.7,,"""Cafeteria""","""$""",Rio Branco
Domino´s Pizza - Bosque | RIO BRANCO | iFood,https://www.ifood.com.br/delivery/rio-branco-ac/dominos-pizza---bosque-bosque/109dbae3-cf3e-40bf-a4aa-959a90f9297f,32249090,29315001000107,Av Nações Unidas 361,Bosque,69900721,4.7,,"""Pizza""","""$$$$""",Rio Branco
Pizzaria Master Pizza | RIO BRANCO | iFood,https://www.ifood.com.br/delivery/rio-branco-ac/pizzaria-master-pizza-vila-ivonete/25714860-5890-4071-8651-33ca3f345854,999557739,20964211000151,Avenida Antônio da Rocha Viana 2821,Vila Ivonete,69914460,4.6,,"""Pizza""","""$""",Rio Branco
Açaí Vibes | RIO BRANCO | iFood,https://www.ifood.com.br/delivery/rio-branco-ac/acai-vibes-bosque/2c34d0ab-2d1c-4910-8882-3ad7a6a17513,999084862,62154576000160,Avenida Getúlio Vargas 2211,Bosque,69900607,4.9,,"""Açaí""","""$""",Rio Branco
Espetaria - Fogão a Lenha | RIO BRANCO | iFood,https://www.ifood.com.br/delivery/rio-branco-ac/espetaria---fogao-a-lenha-nova-esperanca/771d8e38-1008-499b-9469-a2825a734572,984043946,47839321000148,Estrada da Floresta 620,Nova Esperança,69915254,4.9,,"""Comida Brasileira""","""$""",Rio Branco
Gokei Pokes &amp; Bowls - Rio Branco | RIO BRANCO | iFood,https://www.ifood.com.br/delivery/rio-branco-ac/gokei-pokes--bowls---rio-branco-bosque/e1679740-fce0-4256-b495-b842c0b39173,32249090,52453932000193,AVENIDA NACOES UNIDAS 361,BOSQUE,69900721,4.7,,"""Comida Saudável""","""$""",Rio Branco
Pizzaria do Patetao | RIO BRANCO | iFood,https://www.ifood.com.br/delivery/rio-branco-ac/pizzaria-do-patetao-dom-giocondo/4f59abb8-15e2-4913-9809-d5f0d2df4542,32264242,41594570000134,Avenida Ceará 2767,Dom Giocondo,69900300,4.8,,"""Pizza""","""$$""",Rio Branco
Lazat Pizza Estação Experimental | RIO BRANCO | iFood,https://www.ifood.com.br/delivery/rio-branco-ac/lazat-pizza-estacao-experimental-estacao-experimental/65bc8d8c-0c49-4a52-b48a-c6576b914764,40032665,32730531000207,Rua Isaura Parente 1626,Estação Experimental,69918216,4.8,,"""Pizza""","""$""",Rio Branco
El-shaday  Ruy Lino II | RIO BRANCO | iFood,https://www.ifood.com.br/delivery/rio-branco-ac/el-shaday--ruy-lino-ii-conj-rui-lino/7fd96b78-3ee2-4660-afce-7833d26e1524,992222121,37678696000110,RUA PADRE PAULINO 223,CONJ RUI LINO,69919830,4.9,,"""Lanches""","""$""",Rio Branco
el Shaday da baixada Oficial João Eduardo 1 | RIO BRANCO | iFood,https://www.ifood.com.br/delivery/rio-branco-ac/el-shaday-da-baixada-oficial-joao-eduardo-1-santa-ines/9456eaad-2ca2-4c87-8d61-e6a15cbff5cf,999230090,37096681000143,Rua da Sanacre 1132,Santa Inês,69907731,4.5,,"""Cozinha Rápida""","""$$""",Rio Branco
Marmita Top | RIO BRANCO | iFood,https://www.ifood.com.br/delivery/rio-branco-ac/marmita-top-nova-esperanca/971cb6ca-ac80-4c0e-879f-c4b2a6decb68,32232271,46126087000149,Estrada do Calafate 1119,Nova Esperança,69915196,4.1,,"""Marmita""","""$""",Rio Branco
Arena Burgers | RIO BRANCO | iFood,https://www.ifood.com.br/delivery/rio-branco-ac/arena-burgers-paz/b4c54a01-cbad-45a2-91b3-2216bf77b007,999055245,58477920000185,Rua Valdomiro Lopes 2707,Paz,69919254,4.9,,"""Lanches""","""$""",Rio Branco
Kiosque do Açaí Bosque | RIO BRANCO | iFood,https://www.ifood.com.br/delivery/rio-branco-ac/kiosque-do-acai-bosque-bosque/b652d78e-489b-4456-b4a0-906a1732d46b,992189961,36482580000229,Avenida Nações Unidas 711,Bosque,69900463,4.9,,"""Açaí""","""$""",Rio Branco
El Shaday Xavier maia Revolution  | RIO BRANCO | iFood,https://www.ifood.com.br/delivery/rio-branco-ac/el-shaday-xavier-maia-revolution-parque-dos-sabias/15bfe55d-6428-4c45-9849-3155ad40c619,999871019,58279727000130,Estrada Jarbas Passarinho 595,Parque dos Sabiás,69903190,4.7,,"""Pizza""","""$""",Rio Branco
King Burguer | RIO BRANCO | iFood,https://www.ifood.com.br/delivery/rio-branco-ac/king-burguer-paz/7801a0a7-2bfe-4cfc-97d9-d1c15f62b171,999654554,62368756000145,Estrada Alberto Torres 986,Paz,69919230,4.4,,"""Lanches""","""$""",Rio Branco
Brasa | RIO BRANCO | iFood,https://www.ifood.com.br/delivery/rio-branco-ac/brasa-preventorio/8a3e87f2-a6d8-448b-878c-09b9226093b7,99208585,59863136000178,Rua Minas Gerais 1152,Preventório,69900186,4.9,,"""Comida Brasileira""","""$""",Rio Branco
Açaiteria Premium | RIO BRANCO | iFood,https://www.ifood.com.br/delivery/rio-branco-ac/acaiteria-premium-sobral/8e87d38f-29fb-4046-bc1b-48e576e791bf,992379778,53889425000160,Avenida Sobral 1440,Sobral,69911114,4.9,,"""Açaí""","""$""",Rio Branco
Cachorro Quente da Lídia(manoel Julião) | RIO BRANCO | iFood,https://www.ifood.com.br/delivery/rio-branco-ac/cachorro-quente-da-lidiamanoel-juliao-conjunto-manoel-juliao/db46b62a-e204-468c-9f81-4696515eba0a,999716876,22380052000173,Rua Veterano R. Pinto 55,Conjunto Manoel Julião,69918412,4.9,,"""Comida Brasileira""","""$""",Rio Branco
Cantinho Lanche do Pastor | RIO BRANCO | iFood,https://www.ifood.com.br/delivery/rio-branco-ac/cantinho-lanche-do-pastor-centro/f3c01936-fcf2-452a-832f-52055e980711,40030053,07227798000158,Avenida Epaminondas Jácome 2872,Centro,69900056,4.8,,"""Lanches""","""$$""",Rio Branco
Galeteria las Brasas | RIO BRANCO | iFood,https://www.ifood.com.br/delivery/rio-branco-ac/galeteria-las-brasas-bosque/19b6a5ce-4d73-43db-9882-3a339cb08dbf,40030053,06039844000122,AVENIDA NACOES UNIDAS 505,BOSQUE,69900721,4.8,,"""Comida Brasileira""","""$$$""",Rio Branco
Afa Restaurante | RIO BRANCO | iFood,https://www.ifood.com.br/delivery/rio-branco-ac/afa-restaurante-centro/5d7958e6-0768-4fae-a708-c6a76e930a02,40030053,84304765000105,Rua Franco Ribeiro 109,Centro,69908020,4.8,,"""Comida Brasileira""","""$$$$$""",Rio Branco
Restaurante e Lanchonete Tia Rita | RIO BRANCO | iFood,https://www.ifood.com.br/delivery/rio-branco-ac/restaurante-e-lanchonete-tia-rita-conjunto-tucuma/f4c00a66-5207-4cff-87d2-e6694187d0d3,999787033,18545870000101,R W5 284,CONJUNTO TUCUMA,69919766,4.8,,"""Comida Brasileira""","""$""",Rio Branco
Mamá Donuts | RIO BRANCO | iFood,https://www.ifood.com.br/delivery/rio-branco-ac/mama-donuts-bosque/f801d95a-c8d0-4ac1-9ce8-a0d5cde92b2b,40032665,46253998000137,Rua Paulo VI 228,Bosque,69900505,5,,"""Doces &amp; Bolos""","""$""",Rio Branco
Giraffas Via Verde Shopping | RIO BRANCO | iFood,https://www.ifood.com.br/delivery/rio-branco-ac/giraffas-via-verde-shopping-floresta-sul/255712d9-e8cf-47e9-b062-ed7a9a08286b,40001515,13577074000137,ESTRADA DA FLORESTA 2320,FLORESTA SUL,69912900,4.8,,"""Comida Brasileira""","""$$$""",Rio Branco
Só Frango Restaurante-unidade Bosque | RIO BRANCO | iFood,https://www.ifood.com.br/delivery/rio-branco-ac/so-frango-restaurante-unidade-bosque-jose-augusto/d0815b85-ee37-4fe0-835e-221b7090a740,999666087,28466409000117,Travessa Alexandre Lopes 25,José Augusto,69900770,4.8,,"""Comida Brasileira""","""$""",Rio Branco
Suculentu&#x27;s Búrguer e Pizzas | RIO BRANCO | iFood,https://www.ifood.com.br/delivery/rio-branco-ac/suculentus-burguer-e-pizzas-nova-estacao/da27660e-3f55-4af3-8d0f-1600189d2579,992507911,54183805000147,Rua Formosa 790,Nova Estação,69918400,4.9,,"""Lanches""","""$""",Rio Branco
Cafe Com Amor | RIO BRANCO | iFood,https://www.ifood.com.br/delivery/rio-branco-ac/cafe-com-amor-parque-dos-sabias/fd03866c-8cf6-43e0-b1b1-7f4db6c14fb4,992426604,38266502000131,Rua Anita 220,Parque dos Sabiás,69903142,4.9,,"""Lanches""","""$""",Rio Branco
Pokes do China in Box - Rio Branco | RIO BRANCO | iFood,https://www.ifood.com.br/delivery/rio-branco-ac/pokes-do-china-in-box---rio-branco-bosque/46cb43d3-d9ff-4ea1-b153-37b2dd48f299,32249090,52453932000193,Avenida Nações Unidas 361,Bosque,69900721,4.6,,"""Comida Saudável""","""$""",Rio Branco
Lampião Burger | RIO BRANCO | iFood,https://www.ifood.com.br/delivery/rio-branco-ac/lampiao-burger-paz/5b0f44ce-1179-48e2-8395-6a3477cac3e1,999657623,41548442000154,RUA CAMPINAS 635,PAZ,69919242,4.9,,"""Hambúrguer""","""$""",Rio Branco
Tao Sushi- Unidade Bosque Open Mall | RIO BRANCO | iFood,https://www.ifood.com.br/delivery/rio-branco-ac/tao-sushi--unidade-bosque-open-mall-bosque/6800fc92-3e3c-4502-9edb-2305fede2871,40032665,24445476000102,Avenida Getúlio Vargas 1215,Bosque,69900466,4.8,,"""Comida Japonesa""","""$$""",Rio Branco
Mizaburgs | RIO BRANCO | iFood,https://www.ifood.com.br/delivery/rio-branco-ac/mizaburgs-nova-estacao/de22ebdb-8d7b-48fc-8dc6-25e0c456935f,999760445,16560048000194,Rua Vitória 39,Nova Estação,69914210,4.8,,"""Lanches""","""$""",Rio Branco
Churrascaria do Vovô | RIO BRANCO | iFood,https://www.ifood.com.br/delivery/rio-branco-ac/churrascaria-do-vovo-jardim-de-alah/de67cfe7-5ecf-452c-95d1-6a66785b661a,999031243,17729488000195,Estrada Dias Martins 1481,Jardim de Alah,69915526,4.9,,"""Comida Brasileira""","""$""",Rio Branco
Alexandrinos Lanche | RIO BRANCO | iFood,https://www.ifood.com.br/delivery/rio-branco-ac/alexandrinos-lanche-conjunto-oscar-passos/a3b338cc-a896-4885-ac29-4a317be3f392,40032665,37028409000126,Rua Joaquim Macêdo 40,Conjunto Oscar Passos,69901670,4.8,,"""Lanches""","""$""",Rio Branco
Restaurante &amp; Espetinho Império | RIO BRANCO | iFood,https://www.ifood.com.br/delivery/rio-branco-ac/restaurante--espetinho-imperio-paz/14009dfd-43ec-4d4f-bfaf-45846e653c4d,992148992,56986463000129,Estrada Alberto Tôrres 1006,Paz,69919230,4.7,,"""Comida Brasileira""","""$""",Rio Branco
Churrasquinho da Estação  | RIO BRANCO | iFood,https://www.ifood.com.br/delivery/rio-branco-ac/churrasquinho-da-estacao-estacao-experimental/52df7640-f9fc-4903-aa7d-f2e5c29c89d2,992271242,38261485000140,Rua Fontenele de Castro 65,Estação Experimental,69918188,4.9,,"""Carnes""","""$""",Rio Branco
Sushi Gastrô | RIO BRANCO | iFood,https://www.ifood.com.br/delivery/rio-branco-ac/sushi-gastro-vitoria/547c8299-695d-4e2d-9135-2a917a20d020,999727582,53416379000181,Travessa Santa Isabel 174,Vitória,69901833,4.5,,"""Comida Japonesa""","""$""",Rio Branco
Sorveteria e Hamburgueria Garoto | RIO BRANCO | iFood,https://www.ifood.com.br/delivery/rio-branco-ac/sorveteria-e-hamburgueria-garoto-bela-vista/79ef4563-e504-4117-9f46-b32a0b38da93,992260348,08860027000166,Rua São Peregrino 260,Bela vista,69911349,4.9,,"""Hambúrguer""","""$""",Rio Branco
Massas Delivery 2 | RIO BRANCO | iFood,https://www.ifood.com.br/delivery/rio-branco-ac/massas-delivery-2-conjunto-castelo-branco/7e736b91-79da-427e-bd0d-e28d166979dc,999224084,28073298000189,Rua Belém 172,Conjunto Castelo Branco,69911256,4.8,,"""Comida Italiana""","""$""",Rio Branco
Açaí Com Amor | RIO BRANCO | iFood,https://www.ifood.com.br/delivery/rio-branco-ac/acai-com-amor-loteamento-santa-luzia/9cdcef82-668c-4c56-a060-a45b40585eb2,996131310,46349927000132,Rua Cedrorama 2005,Loteamento Santa Luzia,69903373,4.9,,"""Açaí""","""$""",Rio Branco
Café da Cleide | RIO BRANCO | iFood,https://www.ifood.com.br/delivery/rio-branco-ac/cafe-da-cleide-tangara/ad7a291b-b9ac-43d9-bdbe-b107cb74b3a7,40032665,46881800000160,Rua 7 de Setembro 406,Tangará,69915022,4.9,,"""Lanches""","""$""",Rio Branco
Bella Pizza | RIO BRANCO | iFood,https://www.ifood.com.br/delivery/rio-branco-ac/bella-pizza-santa-quiteria/c1205966-946e-4de6-a5f9-220d8243937e,74252617,07072241000195,Avenida Antônio da Rocha Viana 2835,Santa Quitéria,69918700,4.6,,"""Pizza""","""$""",Rio Branco
Fogao a Lenha e Sucos | RIO BRANCO | iFood,https://www.ifood.com.br/delivery/rio-branco-ac/fogao-a-lenha-e-sucos-novo-horizonte/1312beec-3509-444f-bbf9-286f8558e236,999168080,13003244000170,ESTRADA DA FLORESTA 620,NOVO HORIZONTE,69915254,4.6,,"""Casa de Sucos""","""$""",Rio Branco
Burgueria 7-4-5 | RIO BRANCO | iFood,https://www.ifood.com.br/delivery/rio-branco-ac/burgueria-7-4-5-manoel-juliao/39c04ea9-a965-4107-8fd8-c51e99511d49,992490505,37392928000179,Rua Veterano R. Pinto 328,Manoel Julião,69918412,5,,"""Lanches""","""$""",Rio Branco
Taline - Comida caseira e café da manhã | RIO BRANCO | iFood,https://www.ifood.com.br/delivery/rio-branco-ac/taline---comida-caseira-e-cafe-da-manha-joao-eduardo-ii/8a2fe1ac-cc26-4277-a05b-e6be0d64d439,999935576,54907354000143,Travessa Esperança 25,João Eduardo II,69911508,4.9,,"""Comida Brasileira""","""$""",Rio Branco
Donelli Massas | RIO BRANCO | iFood,https://www.ifood.com.br/delivery/rio-branco-ac/donelli-massas-centro/9fe77ec0-6a28-46dd-9c3f-499c711a012f,999546085,13102230000103,Rua Quintino Bocaiuva 266,Centro,69900070,4.9,,"""Comida Italiana""","""$""",Rio Branco
Churrasquinho da Pracinha | RIO BRANCO | iFood,https://www.ifood.com.br/delivery/rio-branco-ac/churrasquinho-da-pracinha-conj-jardim-sao-francisco/543ef8a8-e5d0-481e-a9d2-36cb0323e167,40030053,11684249000180,Rua Lichia 34,Conj. Jardim São Francisco,69910350,4.9,,"""Carnes""","""$$""",Rio Branco
B&amp;s Restaurante | RIO BRANCO | iFood,https://www.ifood.com.br/delivery/rio-branco-ac/bs-restaurante-morada-do-sol/9104b1c2-b841-43d4-b981-ac28e2ae74fa,40032665,54285670000120,Estrada da Usina 1224,Morada do Sol,69901061,4.9,,"""Comida Brasileira""","""$""",Rio Branco
Mondi Doceria - Loja Bosque | RIO BRANCO | iFood,https://www.ifood.com.br/delivery/rio-branco-ac/mondi-doceria---loja-bosque-bosque/9d606d5e-c784-495d-8921-6a424723a827,984132163,28224323000269,Rua Hugo Carneiro 1027,Bosque,69900565,4.8,,"""Doces &amp; Bolos""","""$""",Rio Branco
Cakeria Confeitaria | RIO BRANCO | iFood,https://www.ifood.com.br/delivery/rio-branco-ac/cakeria-confeitaria-vilage-wilde-maciel/a83f267b-4712-411e-a4d5-f9db12e3d974,992542350,26883087000186,Rua Ipanema 6,Vilage Wilde Maciel,69918490,4.9,,"""Doces &amp; Bolos""","""$""",Rio Branco
Sillvia&#x27;s Café da Manhã | RIO BRANCO | iFood,https://www.ifood.com.br/delivery/rio-branco-ac/sillvias-cafe-da-manha-conquista/af54562a-4de4-4219-9eb0-468d0a6c953c,992267985,47743481000199,Rua Dourado 399,Conquista,69918842,4.9,,"""Cafeteria""","""$""",Rio Branco
Dibuteco | RIO BRANCO | iFood,https://www.ifood.com.br/delivery/rio-branco-ac/dibuteco-isaura-parente/dc4dad5f-29e1-4b1e-97b0-0e26855e33f3,992554489,12077990000145,Rua São sebastião 100,Isaura Parente,69918324,4.6,,"""Lanches""","""$$$""",Rio Branco
Vem de Resenha Burguer | RIO BRANCO | iFood,https://www.ifood.com.br/delivery/rio-branco-ac/vem-de-resenha-burguer-vila-ivonete/25846fd1-d17d-4307-948d-6bccf2dd3b74,992539860,17894177000181,Avenida Getúlio Vargas 3460,Vila Ivonete,69918616,4.3,,"""Lanches""","""$""",Rio Branco
Bem Delivery - Marmitas | RIO BRANCO | iFood,https://www.ifood.com.br/delivery/rio-branco-ac/bem-delivery---marmitas-manoel-juliao/7b104ef7-46ab-44b4-ad80-25eed96f0944,999610980,32801588000179,Rua Aderbal Brasil 574,Manoel Juliao,06991422,4.6,,"""Marmita""","""$""",Rio Branco
Freguesia Hamburgueria - Vila Rio | RIO BRANCO | iFood,https://www.ifood.com.br/delivery/rio-branco-ac/freguesia-hamburgueria---vila-rio-jardim-de-alah/82577eb6-c6ca-4eed-a3e6-6b41ca74261d,40032665,53774086000176,Rua Fátima Maia 300,Jardim de Alah,69915572,4.8,,"""Lanches""","""$""",Rio Branco
Cantinho Peru24 | RIO BRANCO | iFood,https://www.ifood.com.br/delivery/rio-branco-ac/cantinho-peru24-ipase/b4f7f297-d448-4001-a55e-33ba09f789ec,999116067,57588952000195,Rua Antônio Monteiro 149,Ipase,69900357,4.9,,"""Comida Peruana""","""$""",Rio Branco
Zero Grau da 6 | RIO BRANCO | iFood,https://www.ifood.com.br/delivery/rio-branco-ac/zero-grau-da-6-seis-de-agosto/d5ef07d8-6e77-42f8-b8ad-20d483d87271,999411212,26650219000120,Rua 6 de Agosto 751,Seis de Agosto,69905684,4.7,,"""Pizza""","""$""",Rio Branco
Massas Delivery | RIO BRANCO | iFood,https://www.ifood.com.br/delivery/rio-branco-ac/massas-delivery-conjunto-castelo-branco/d743bc9f-e39c-4405-b996-628013c8bbf1,999224084,28073298000189,Rua Belém 172,Conjunto Castelo Branco,69911256,4.9,,"""Comida Brasileira""","""$$""",Rio Branco
Deck Mex - Comida Mexicana | RIO BRANCO | iFood,https://www.ifood.com.br/delivery/rio-branco-ac/deck-mex---comida-mexicana-bosque/dfc58602-e783-419a-a5ce-2a04f78e0a25,33016224,23446287000345,Avenida Getúlio Vargas 1782,Bosque,69900613,4.6,,"""Comida Mexicana""","""$""",Rio Branco
Feijoada Delivery | RIO BRANCO | iFood,https://www.ifood.com.br/delivery/rio-branco-ac/feijoada-delivery-jardim-europa/1efab6ab-9751-42d4-8f38-cd921a31f93b,992360133,44736506000139,Alameda Portugal 1265,Jardim Europa,69915443,4.7,,"""Comida Brasileira""","""$""",Rio Branco
Salgados da Ivanilde | RIO BRANCO | iFood,https://www.ifood.com.br/delivery/rio-branco-ac/salgados-da-ivanilde-nova-estacao/60dd24d0-e781-460c-b9d3-211ee6566ed3,999978498,49994354000198,Rua Formosa 679,Nova Estação,69918400,4.8,,"""Lanches""","""$""",Rio Branco
Talita Cumi | RIO BRANCO | iFood,https://www.ifood.com.br/delivery/rio-branco-ac/talita-cumi-bosque/6c48ec9b-c5dc-426f-beec-fe9eb4074929,40030053,15135925000117,Rua Coronel Alexandrino 635,Bosque,69900658,4.7,,"""Lanches""","""$""",Rio Branco
Ane Marmitas | RIO BRANCO | iFood,https://www.ifood.com.br/delivery/rio-branco-ac/ane-marmitas-nova-esperanca/72768434-071d-4950-8292-be124937bc27,40032665,41761637000188,Rua São José 550,Nova Esperança,69915202,4.6,,"""Marmita""","""$""",Rio Branco
Galinhetos - Churrascaria &amp; Lanchonete | RIO BRANCO | iFood,https://www.ifood.com.br/delivery/rio-branco-ac/galinhetos---churrascaria--lanchonete-floresta/cded7409-c0c3-4ad1-8656-bffd15e38cfd,99771124,56878626000150,R. Rio de Janeiro 1569,Floresta,69918012,4.7,,"""Comida Brasileira""","""$""",Rio Branco
Tacacá e Rabada Delícias da Day | RIO BRANCO | iFood,https://www.ifood.com.br/delivery/rio-branco-ac/tacaca-e-rabada-delicias-da-day-bosque/f3ac0b26-90c9-40c6-8050-83d1a49f3cc5,40030053,47155822000105,Rua Coronel Alexandrino 635,Bosque,69900658,4.8,,"""Comida Brasileira""","""$""",Rio Branco
Restaurante Mesquita Gourmet | RIO BRANCO | iFood,https://www.ifood.com.br/delivery/rio-branco-ac/restaurante-mesquita-gourmet-raimundo-melo/438fbe18-393a-4c0f-a923-703d910df6a7,999315072,63194469000129,Rua Doutor Mario Maia 20,Raimundo Melo,69902825,4.4,,"""Marmita""","""$""",Rio Branco
Carlos Sorvetes João Eduardo I | RIO BRANCO | iFood,https://www.ifood.com.br/delivery/rio-branco-ac/carlos-sorvetes-joao-eduardo-i-joao-eduardo-i/571f4652-a414-4e1b-8fae-883a71f87806,999033973,37830337000136,Rua Campo Grande 556,João Eduardo I,69911468,4.8,,"""Sorvetes""","""$""",Rio Branco
Cantinho do Churros | RIO BRANCO | iFood,https://www.ifood.com.br/delivery/rio-branco-ac/cantinho-do-churros-tancredo-neves/7bed0595-b150-4178-b8fe-bf64c4779f6d,999972887,55780731000199,R. Vitória 39,Tancredo Neves,69921698,5,,"""Doces &amp; Bolos""","""$""",Rio Branco
A Torre Pizza Bosque  | RIO BRANCO | iFood,https://www.ifood.com.br/delivery/rio-branco-ac/a-torre-pizza-bosque-ipase/aa6cb637-4816-4c91-a5cb-49220dda43a8,984115150,50285589000190,Travessa Thaumaturgo de Azevedo 68,Ipase,69900339,4.9,,"""Pizza""","""$""",Rio Branco
Freguesia - Espetos &amp; Marmitas | RIO BRANCO | iFood,https://www.ifood.com.br/delivery/rio-branco-ac/freguesia---espetos--marmitas-morada-do-sol/b9614c21-ccb3-4de7-aa00-c68da74c2d9d,92292901,51095120000150,Rua Marte 1750,Morada do Sol,69901091,4.6,,"""Comida Brasileira""","""$""",Rio Branco
21 de Julho Salgados e Churros | RIO BRANCO | iFood,https://www.ifood.com.br/delivery/rio-branco-ac/21-de-julho-salgados-e-churros-nova-esperanca/ccb5307f-841e-435e-8354-c0f7f3a3c695,40032665,51263593000110,Rua São José 550,Nova Esperança,69915202,4.8,,"""Salgados""","""$""",Rio Branco
Boutique do Pastel | RIO BRANCO | iFood,https://www.ifood.com.br/delivery/rio-branco-ac/boutique-do-pastel-ivete-vargas/df445ef8-ef75-4092-a268-414ebd612397,992234533,50941950000199,Rua Rio de Janeiro 1411,Ivete Vargas,69900214,4.9,,"""Pastel""","""$""",Rio Branco
Panela de Barro (delivery) | RIO BRANCO | iFood,https://www.ifood.com.br/delivery/rio-branco-ac/panela-de-barro-delivery-conjunto-mascarenhas-de-moraes/a19c7b34-7984-41bd-b644-199a631e5d80,40032665,49908408000155,Rua Rio de Janeiro 1569,Conjunto Mascarenhas de Moraes,69918012,4.6,,"""Marmita""","""$""",Rio Branco
Alítti Gelato Açaí Doces e Salgados | RIO BRANCO | iFood,https://www.ifood.com.br/delivery/rio-branco-ac/alitti-gelato-acai-doces-e-salgados-vilage-wilde-maciel/caeaf0a4-5a4d-45d2-a5ee-9250b46661da,992363152,10336009000121,R IPANEMA 186,VILAGE WILDE MACIEL,69918490,4.9,,"""Lanches""","""$$$""",Rio Branco
La Cave Restaurante - Massas e Risotos | RIO BRANCO | iFood,https://www.ifood.com.br/delivery/rio-branco-ac/la-cave-restaurante---massas-e-risotos-bosque/ce48f05d-615a-4f65-8d8b-d807739bab51,981052378,28038060000112,Rua Isaura Parente 358,Bosque,69900472,4.8,,"""Comida Brasileira""","""$$$$$""",Rio Branco
Dani Lanches | RIO BRANCO | iFood,https://www.ifood.com.br/delivery/rio-branco-ac/dani-lanches-loteamento-santo-afonso/e31f882f-0c14-4802-a008-f267146a5448,00,31328623000111,Avenida Francisco Ribeiro 332,Loteamento Santo Afonso,69908890,5,,"""Lanches""","""$""",Rio Branco
Gran Pollo Frango na Brasa e Restaurante | RIO BRANCO | iFood,https://www.ifood.com.br/delivery/rio-branco-ac/gran-pollo-frango-na-brasa-e-restaurante-estacao-experimental/381a9c73-9975-4560-9220-70f2e7edfee7,992368943,35434857000102,Rua Nova 123,Estação Experimental,69918164,4.9,,"""Comida Brasileira""","""$""",Rio Branco
Domino´s Sanduíches - Bosque | RIO BRANCO | iFood,https://www.ifood.com.br/delivery/rio-branco-ac/dominos-sanduiches---bosque-bosque/443b8f3e-7a69-4a47-bf30-ef7dd103d1ba,32249090,29315001000107,Av Nações Unidas 361,Bosque,69900721,4.8,,"""Lanches""","""$""",Rio Branco
Tacacá da Base | RIO BRANCO | iFood,https://www.ifood.com.br/delivery/rio-branco-ac/tacaca-da-base-baixa-da-cadeia-velha/8dce44c5-32cc-4b56-8615-cea06001c7bc,40030053,10650433000146,avenida ceará 3449,BAIXA DA CADEIA VELHA,69900110,4.9,,"""Comida Brasileira""","""$$""",Rio Branco
Gokei Sushi - Rio Branco | RIO BRANCO | iFood,https://www.ifood.com.br/delivery/rio-branco-ac/gokei-sushi---rio-branco-bosque/8fe010cc-a858-43d6-b08e-09450805e7bc,32249090,52453932000193,AVENIDA NACOES UNIDAS 361,BOSQUE,69900721,4.6,,"""Comida Japonesa""","""$""",Rio Branco
Meninas Doceria | RIO BRANCO | iFood,https://www.ifood.com.br/delivery/rio-branco-ac/meninas-doceria-cohab-do-bosque/9c17975f-80dc-401d-b5bf-cd91a4292d9d,40030053,30182543000138,Rua Servo Ribeiro 120,Cohab do Bosque,69901429,4.8,,"""Doces &amp; Bolos""","""$$$""",Rio Branco
Real Lanchonete | RIO BRANCO | iFood,https://www.ifood.com.br/delivery/rio-branco-ac/real-lanchonete-quinze/020340b1-da19-4bca-9e80-99966a89cdf8,992614916,59824761000100,Rua Nossa Senhora da Conceição 742,Quinze,69901250,4.6,,"""Lanches""","""$""",Rio Branco
Churrascaria do Oscar | RIO BRANCO | iFood,https://www.ifood.com.br/delivery/rio-branco-ac/churrascaria-do-oscar-bosque/ea5d8478-8132-4205-9773-437bf0a2c717,999426179,05993519000131,Rua José de Melo 452,Bosque,69900403,4.9,,"""Comida Brasileira""","""$$$""",Rio Branco
Ogro Burger | RIO BRANCO | iFood,https://www.ifood.com.br/delivery/rio-branco-ac/ogro-burger-morada-do-sol/8f5bf0b0-b18e-43c7-ac53-f71d535ade15,999249229,36526815000156,Rua Netuno 446,Morada do Sol,69901127,4.9,,"""Lanches""","""$$""",Rio Branco
Mondi Doceria - Loja Vila Rio | RIO BRANCO | iFood,https://www.ifood.com.br/delivery/rio-branco-ac/mondi-doceria---loja-vila-rio-jardim-de-alah/96258e32-4e35-4ad3-ac1d-fa4e1ff3561a,984132163,28224323000188,Rua Fátima Maia 360,Jardim de Alah,69915572,4.9,,"""Doces &amp; Bolos""","""$""",Rio Branco
Espeto e Burguer Na Brasa | RIO BRANCO | iFood,https://www.ifood.com.br/delivery/rio-branco-ac/espeto-e-burguer-na-brasa-conjunto-adalberto-sena/915d7e73-0378-4069-a0ca-e93182b93479,996102062,57757044000188,rua japim 50,Conjunto Adalberto Sena,69921180,4.8,,"""Carnes""","""$""",Rio Branco
Bolos da Elen | RIO BRANCO | iFood,https://www.ifood.com.br/delivery/rio-branco-ac/bolos-da-elen-palheiral/bfc66af2-bd19-4a0c-a4a8-d3495aecd662,999720633,43146456000177,Rua Santo André 487,Palheiral,69911210,5,,"""Doces &amp; Bolos""","""$""",Rio Branco
Marmita em Casa | RIO BRANCO | iFood,https://www.ifood.com.br/delivery/rio-branco-ac/marmita-em-casa-nova-esperanca/eed26473-2c23-44b0-97aa-33b2c0f3cc3b,981147266,62568412000180,Rua 25 de Dezembro 67,Nova Esperança,69915204,4.6,,"""Comida Brasileira""","""$""",Rio Branco
Hamburgão do Trailler | RIO BRANCO | iFood,https://www.ifood.com.br/delivery/rio-branco-ac/hamburgao-do-trailler-wanderley-dantas/f28a732e-ba96-408e-a32f-6c4c2f202b7e,40032665,50218814000175,Estrada Jarbas Passarinho 159,Wanderley Dantas,69902790,5,,"""Lanches""","""$""",Rio Branco
Casa do Pastel | RIO BRANCO | iFood,https://www.ifood.com.br/delivery/rio-branco-ac/casa-do-pastel-aeroporto-velho/12476ef4-6563-42cc-a088-48e313f704f7,999991905,40245900000113,Avenida Sobral 972,Aeroporto Velho,69911114,4.9,,"""Salgados""","""$""",Rio Branco
Brasero Espetos &amp; Caldos - Morada do Sol | RIO BRANCO | iFood,https://www.ifood.com.br/delivery/rio-branco-ac/brasero-espetos--caldos---morada-do-sol-morada-do-sol/f0237e0a-2d40-4229-9a32-fea4202aa8e0,992292901,17721849000157,Rua Marte 1720,MORADA DO SOL,69901091,4.6,,"""Comida Brasileira""","""$""",Rio Branco
Pão na Chapa Smash Burger | RIO BRANCO | iFood,https://www.ifood.com.br/delivery/rio-branco-ac/pao-na-chapa-smash-burger-nova-estacao/d2a8d0b4-9756-4b8f-8079-93306181272b,,32834449000141,Rua Isaura Parente 1640,Nova Estação,69918270,4.9,,"""Lanches""","""$$""",Rio Branco
Malta Pizzas - Delivery Rápido | RIO BRANCO | iFood,https://www.ifood.com.br/delivery/rio-branco-ac/malta-pizzas---delivery-rapido-bosque/195e41d1-751e-4176-a04f-d89c82b49d3c,992046978,21812767000195,Avenida Ceará 2616,Bosque,69900448,4.9,,"""Pizza""","""$""",Rio Branco
Ninjitos Lanches | RIO BRANCO | iFood,https://www.ifood.com.br/delivery/rio-branco-ac/ninjitos-lanches-capoeira/19a657cc-dc31-4716-bb37-777282b0b79c,999557882,26660182000110,Travessa Roraima 77,Capoeira,69905014,5,,"""Lanches""","""$$$""",Rio Branco
Sabor Goiano Restaurante e Empório | RIO BRANCO | iFood,https://www.ifood.com.br/delivery/rio-branco-ac/sabor-goiano-restaurante-e-emporio-bosque/968ca434-37d0-4271-849b-af6d9408674c,999718551,24995645000170,Avenida Getúlio Vargas 1992,Bosque,69900613,4.8,,"""Comida Brasileira""","""$$""",Rio Branco
Chez Mémé | RIO BRANCO | iFood,https://www.ifood.com.br/delivery/rio-branco-ac/chez-meme-branco-brazil/77e95d55-3279-4551-8043-f75d2465af8a,40030053,03376105000219,Rua Veterano Hernesto Sales 154,"Branco, Brazil",69907011,4.9,,"""Doces &amp; Bolos""","""$$""",Rio Branco
Br Churrascaria | RIO BRANCO | iFood,https://www.ifood.com.br/delivery/rio-branco-ac/br-churrascaria-belo-jardim-i/8f8efa32-47cd-4e95-9c8a-b9356a1bcce8,996019795,62947328000177,Rua Brasiliano 186,Belo Jardim I,69907850,4.6,,"""Comida Brasileira""","""$""",Rio Branco
Gringo Burger e Frango | RIO BRANCO | iFood,https://www.ifood.com.br/delivery/rio-branco-ac/gringo-burger-e-frango-nova-esperanca/cb41293d-f4c8-44ad-896b-ed615be6c6f1,992123443,46126087000149,Estrada do Calafate 1119,Nova Esperança,69915196,4.4,,"""Lanches""","""$""",Rio Branco
Sabor da Lu | RIO BRANCO | iFood,https://www.ifood.com.br/delivery/rio-branco-ac/sabor-da-lu-placas/ce02a29e-fc97-4ad9-9f93-b4799ea65599,689996834,26071834000181,RUA DOZE DE OUTUBRO 922,PLACAS,69914800,4.9,,"""Marmita""","""$""",Rio Branco
Espetin da Morada Restaurante | RIO BRANCO | iFood,https://www.ifood.com.br/delivery/rio-branco-ac/espetin-da-morada-restaurante-morada-do-sol/1464a018-1826-4794-bfc3-ce12137dd266,999009686,11655280000192,Rua Marte 1159,Morada do Sol,69901091,4.9,,"""Comida Brasileira""","""$""",Rio Branco
Churrascaria e Restaurante Cristal | RIO BRANCO | iFood,https://www.ifood.com.br/delivery/rio-branco-ac/churrascaria-e-restaurante-cristal-wanderley-dantas/326b7b7c-d29b-4223-bb37-1855e911df80,999080189,47149568000132,Estr. Jarbas Passarinho 70,Wanderley Dantas,69902790,5,,"""Marmita""","""$""",Rio Branco
Parrilha do Rubao Assados e Chopp | RIO BRANCO | iFood,https://www.ifood.com.br/delivery/rio-branco-ac/parrilha-do-rubao-assados-e-chopp-bosque/786b9ac9-dfaf-466d-afb0-e06c97baab0d,40032665,43348294000150,Avenida Antônio da Rocha Viana 1494,Bosque,69900526,4.1,,"""Comida Brasileira""","""$""",Rio Branco
Freguesia Grill - Shopping | RIO BRANCO | iFood,https://www.ifood.com.br/delivery/rio-branco-ac/freguesia-grill---shopping-floresta-sul/ca41113c-2ac5-42de-9c82-809de90d8f67,984269900,26353069000192,Estrada da Floresta 2320,Floresta Sul,69912900,4.9,,"""Comida Brasileira""","""$""",Rio Branco
Tacaca da Dora | RIO BRANCO | iFood,https://www.ifood.com.br/delivery/rio-branco-ac/tacaca-da-dora-centro/e42e5e9b-af99-4e68-b14a-8a506320959c,40032665,11885388000171,Rua Rui Barbosa (Praça da Revolução) 2,Centro,69909710,4.8,,"""Comida Brasileira""","""$$""",Rio Branco
Cantinho do Churros &amp; Cia | RIO BRANCO | iFood,https://www.ifood.com.br/delivery/rio-branco-ac/cantinho-do-churros--cia-wanderley-dantas/807b5b16-e9b8-426b-94a0-8cc58a0ccf27,999153982,63363086000137,Estrada das Placas 1684,Wanderley Dantas,69902810,5,,"""Doces &amp; Bolos""","""$""",Rio Branco
Inka Peru | RIO BRANCO | iFood,https://www.ifood.com.br/delivery/rio-branco-ac/inka-peru-bosque/121206ae-f3b7-4231-b5d7-fe64fad142e3,99102460,45873745000101,Avenida Nações Unidas 288,Bosque,69900715,4.7,,"""Comida Peruana""","""$""",Rio Branco
Parrilla do Rubão | RIO BRANCO | iFood,https://www.ifood.com.br/delivery/rio-branco-ac/parrilla-do-rubao-jardim-de-alah/7358e718-aaa3-4259-9725-22319658a184,992567625,51029077000125,Rua Fátima Maia 390,Jardim de Alah,69915572,4.7,,"""Comida Brasileira""","""$""",Rio Branco
Coffee House Food&amp;drinks | RIO BRANCO | iFood,https://www.ifood.com.br/delivery/rio-branco-ac/coffee-house-fooddrinks-jardim-de-alah/09204363-1f50-4977-973f-550e786b085b,40032665,46424277000223,Rua Fátima Maia 320,Jardim de Alah,69915572,4.9,,"""Cafeteria""","""$""",Rio Branco
Churrascaria Rio Branco | RIO BRANCO | iFood,https://www.ifood.com.br/delivery/rio-branco-ac/churrascaria-rio-branco-seis-de-agosto/1273cada-7238-45e1-84c4-3f8aa42ad9e7,984247987,26202542000130,R.CUNHA MATOS 257,SEIS DE AGOSTO,69905590,4.6,,"""Comida Brasileira""","""$""",Rio Branco
Casa de Maria - Comida Caseira  | RIO BRANCO | iFood,https://www.ifood.com.br/delivery/rio-branco-ac/casa-de-maria---comida-caseira-isaura-parente/4b635067-862f-45f1-a3f8-2c0d2d0a102e,40032665,63579740000144,Rua Bom Destino 263,Isaura Parente,69918306,4.8,,"""Marmita""","""$""",Rio Branco
Açaí no Copo | RIO BRANCO | iFood,https://www.ifood.com.br/delivery/rio-branco-ac/acai-no-copo-canaa/51e1739f-a857-4af0-a12c-168bc5a974d9,999450704,58121681000126,Avenida Durval Camilo 1133,Canaã,69905859,4.9,,"""Açaí""","""$""",Rio Branco
Pastelaria Ruan Lin | RIO BRANCO | iFood,https://www.ifood.com.br/delivery/rio-branco-ac/pastelaria-ruan-lin-centro/9454f64c-a80c-4b3d-96c4-dde2037a52cf,988013690,42262707000116,Avenida Epaminondas Jácome 2882,Centro,69900050,4.9,,"""Pastel""","""$""",Rio Branco
Churrascaria Thiago  | RIO BRANCO | iFood,https://www.ifood.com.br/delivery/rio-branco-ac/churrascaria-thiago-pedro-roseno/dee76e7b-f0ff-499f-aab8-dc199b453741,999678544,04511606000142,Rua Claudio Vieira da Silva 340,Pedro Roseno,69917650,4.7,,"""Marmita""","""$""",Rio Branco
Varanda Grill e Chopperia | RIO BRANCO | iFood,https://www.ifood.com.br/delivery/rio-branco-ac/varanda-grill-e-chopperia-seis-de-agosto/19cec528-e3ab-47a4-84f6-7909b1d19d52,999759951,30765935000120,Rua Cunha Matos 621,Seis de Agosto,69905590,4.7,,"""Marmita""","""$$""",Rio Branco
Du Vellegas | RIO BRANCO | iFood,https://www.ifood.com.br/delivery/rio-branco-ac/du-vellegas-conjunto-paulo-cesar-de-oliveira/4c968687-f944-4755-893d-f1940040ac8c,40032665,48433828000160,Rua Boa Vista 182,Conjunto Paulo César de Oliveira,69919120,4.8,,"""Comida Brasileira""","""$""",Rio Branco
R&amp;V LANCHES  | RIO BRANCO | iFood,https://www.ifood.com.br/delivery/rio-branco-ac/rv-lanches-tancredo-neves/61f3fd81-75b1-4a4b-9d5d-c1c0ed559020,999069055,40407079000194,R. Vinte e Cinco de Dezembro 1011,Tancredo Neves,69921533,4.5,,"""Comida Variada""","""$""",Rio Branco
El Shaday Mercado do Bosque 2 | RIO BRANCO | iFood,https://www.ifood.com.br/delivery/rio-branco-ac/el-shaday-mercado-do-bosque-2-bosque/716df05b-8103-4f15-95c0-3d889b99dafe,992366469,62906229000147,Rua Coronel Alexandrino 635,Bosque,69900658,4.9,,"""Açaí""","""$""",Rio Branco
Top Geladinho | RIO BRANCO | iFood,https://www.ifood.com.br/delivery/rio-branco-ac/top-geladinho-conjunto-tucuma/d84a6827-4cfc-4168-b073-f2ab94a18780,999357413,62516995000103,Rua S3 158,Conjunto Tucumã,69919697,5,,"""Sorvetes""","""$""",Rio Branco
Casa do Salgado da Maria  | RIO BRANCO | iFood,https://www.ifood.com.br/delivery/rio-branco-ac/casa-do-salgado-da-maria-conjunto-manoel-juliao/1c84cfa8-dc93-44c4-823d-cd7568ab34e1,40032665,40199240000181,Rua Comércio 212,Conjunto Manoel Julião,69918440,5,,"""Lanches""","""$""",Rio Branco
Delícias Acreana Café da Manhã &amp;doceria | RIO BRANCO | iFood,https://www.ifood.com.br/delivery/rio-branco-ac/delicias-acreana-cafe-da-manha-doceria-joao-eduardo-i/22e2ce5d-3220-44a2-9489-be4839a1225d,992565395,28769752000130,"Rua Novo Estado, 125, João Eduardo I, Rio Branco, Acre 125",João Eduardo I,69911464,4.9,,"""Comida Brasileira""","""$""",Rio Branco
New York Oven Pizza e Bar | RIO BRANCO | iFood,https://www.ifood.com.br/delivery/rio-branco-ac/new-york-oven-pizza-e-bar-jardim-de-alah/44fc3ec0-1777-452e-b4c2-8cdc28f26ebe,40032665,60617106000160,Rua Fátima Maia 280,Jardim de Alah,69915572,4.9,,"""Pizza""","""$""",Rio Branco
"Quero Sushi, do Altemir | RIO BRANCO | iFood",https://www.ifood.com.br/delivery/rio-branco-ac/quero-sushi-do-altemir-jardim-tropical/2ae27023-256b-45c4-b340-f6627ba5be0f,40032665,57656673000111,Rua Vitória Régia 379,Jardim Tropical,69901251,4.8,,"""Comida Japonesa""","""$""",Rio Branco
Quintal do Geleia | RIO BRANCO | iFood,https://www.ifood.com.br/delivery/rio-branco-ac/quintal-do-geleia-dom-giocondo/79386ced-08a3-49bf-9f3c-df08e26eb847,40030053,31432399000103,R. Minas Gerais 108,DOM GIOCONDO,69900315,4.9,,"""Comida Brasileira""","""$$$$$""",Rio Branco
Delicias da Angelica | RIO BRANCO | iFood,https://www.ifood.com.br/delivery/rio-branco-ac/delicias-da-angelica-tangara/060ae5ec-262d-4689-9b8e-fb8ce3acd715,999560302,37829651000107,Rua São Raimundo 11,TANGARA,69915024,4.9,,"""Marmita""","""$""",Rio Branco
Bubble Mix - Shopping Via Verde | RIO BRANCO | iFood,https://www.ifood.com.br/delivery/rio-branco-ac/bubble-mix---shopping-via-verde-floresta-sul/2baeb981-d14c-444a-bd66-b19628b51ee8,999511744,59913799000150,Estrada da Floresta 1,Floresta Sul,69912900,5,,"""Casa de Sucos""","""$""",Rio Branco
Bom de Garfo | RIO BRANCO | iFood,https://www.ifood.com.br/delivery/rio-branco-ac/bom-de-garfo-paz/51de9037-bd92-4ea2-b993-b00eb85df968,992011205,14003460000269,Estrada Alberto Torres 950,Paz,69919230,4.6,,"""Marmita""","""$""",Rio Branco
Super Chaumas Sorvetes e Açaí | RIO BRANCO | iFood,https://www.ifood.com.br/delivery/rio-branco-ac/super-chaumas-sorvetes-e-acai-triangulo-velho/871f77c5-6b76-49b9-b2c2-d3bb19dfc6d7,992254271,08818670000121,Rua Boulevard Augusto Monteiro 985,Triangulo Velho,69901230,4.8,,"""Sorvetes""","""$""",Rio Branco
Rest. Soparia e Espetaria Floresta | RIO BRANCO | iFood,https://www.ifood.com.br/delivery/rio-branco-ac/rest-soparia-e-espetaria-floresta-conjunto-mascarenhas-de-moraes/90acd77a-a265-4c94-95d9-684b1d4b72d2,40032665,52218667000169,Rua Rio de Janeiro 1821,Conjunto Mascarenhas de Moraes,69918012,4.8,,"""Comida Brasileira""","""$""",Rio Branco
Giusto - Rio Branco | RIO BRANCO | iFood,https://www.ifood.com.br/delivery/rio-branco-ac/giusto---rio-branco-bosque/f2521a37-f669-4738-a86f-04af9e5e8d0a,32249090,29315004000140,AV NACOES UNIDAS 361,BOSQUE,69900721,4.5,,"""Comida Italiana""","""$""",Rio Branco
Panificadora Ricca Massas | RIO BRANCO | iFood,https://www.ifood.com.br/delivery/rio-branco-ac/panificadora-ricca-massas-nova-esperanca/2510c164-7271-48ca-8567-0c3ce8084877,40032665,08807245000137,Av. Sete de Setembro 742,Nova Esperança,69915220,4.9,,"""Padaria""","""$""",Rio Branco
Joker&#x27;s Burger - Hamburgueria | RIO BRANCO | iFood,https://www.ifood.com.br/delivery/rio-branco-ac/jokers-burger---hamburgueria-jardim-europa/40f0d79a-9204-4d3a-afcd-740427b1d8a6,40030053,31111424000157,Alameda Alemanha 3,Jardim Europa,69915497,4.9,,"""Lanches""","""$$$""",Rio Branco
Point do Pato | RIO BRANCO | iFood,https://www.ifood.com.br/delivery/rio-branco-ac/point-do-pato-jardim-tropical/654a0271-9e0f-483a-af12-e3e976bf6468,40030053,63607949000174,Rua das Palmeiras 613,Jardim Tropical,69901230,4.7,,"""Comida Brasileira""","""$$$$""",Rio Branco
café do Julião  | RIO BRANCO | iFood,https://www.ifood.com.br/delivery/rio-branco-ac/cafe-do-juliao-residencial-iolanda/ef31be9c-74c7-4234-b5a6-0bf8242b151f,996134307,48720099000122,Rua Maracanã 3,Residencial Iolanda,69918886,5,,"""Lanches""","""$""",Rio Branco
Frutos de Goiás - Galeria Bouganville | RIO BRANCO | iFood,https://www.ifood.com.br/delivery/rio-branco-ac/frutos-de-goias---galeria-bouganville-bosque/53062531-7152-43c1-891b-491759361adf,981067576,18523331000414,Avenida Ceará 27,Bosque,69900379,5,,"""Sorvetes""","""$""",Rio Branco
Restaurante Amaná | RIO BRANCO | iFood,https://www.ifood.com.br/delivery/rio-branco-ac/restaurante-amana-nova-esperanca/7e4d775d-6317-42d3-aabc-df741323ec78,999690335,57848241000102,Estrada da Floresta 574,Nova Esperança,69915254,4.8,,"""Comida Árabe""","""$""",Rio Branco
Sabores da Socorro | RIO BRANCO | iFood,https://www.ifood.com.br/delivery/rio-branco-ac/sabores-da-socorro-nova-esperanca/178c1ddd-ee76-4218-b6e0-fcf123ee67d0,992272057,63249382000101,Rua São José 492,Nova Esperança,69900700,4.9,,"""Padaria""","""$""",Rio Branco
Hamburgão do Paulão &amp; Dina | RIO BRANCO | iFood,https://www.ifood.com.br/delivery/rio-branco-ac/hamburgao-do-paulao--dina-conjunto-manoel-juliao/411ebed2-0eb4-47d6-bdd3-369157395e5d,992114277,20088245000120,Rua Edmundo Pinto 18,Conjunto Manoel Julião,69918438,5,,"""Lanches""","""$""",Rio Branco
Nosso Café | RIO BRANCO | iFood,https://www.ifood.com.br/delivery/rio-branco-ac/nosso-cafe-bosque/53286f0a-91f9-41f6-b85b-ab5a95ab3cea,,40722880000124,Rua Coronel Alexandrino 635,Bosque,69900658,4.5,,"""Cafeteria""","""$""",Rio Branco
Empório dos Salgados e Churros | RIO BRANCO | iFood,https://www.ifood.com.br/delivery/rio-branco-ac/emporio-dos-salgados-e-churros-nova-esperanca/5d5a93e7-88b5-4b29-9479-c0dc6636f6c5,40032665,51263593000381,Rua São José 550,Nova Esperança,69915202,4.7,,"""Salgados""","""$""",Rio Branco
Natto Bistrô | RIO BRANCO | iFood,https://www.ifood.com.br/delivery/rio-branco-ac/natto-bistro-vilage-wilde-maciel/9e6a64ea-c8a7-42b8-b2fd-ac5c50681777,40032665,56175627000219,Rua Ipanema 6,Vilage Wilde Maciel,69918490,4.9,,"""Comida Brasileira""","""$""",Rio Branco
Julius Doggs - Melhor Hot Dog da Cidade | RIO BRANCO | iFood,https://www.ifood.com.br/delivery/rio-branco-ac/julius-doggs---melhor-hot-dog-da-cidade-nova-esperanca/ce67613e-1abf-4229-84df-791a47aadec7,992923532,46126087000149,Estrada do Calafate 1119,Nova Esperança,69915196,3.8,,"""Lanches""","""$""",Rio Branco
Coolkeria :) | RIO BRANCO | iFood,https://www.ifood.com.br/delivery/rio-branco-ac/coolkeria--xavier-maia/09058213-20f7-474d-9fd6-a928445e4b19,992249026,61022970000182,Rua Major Martins 117,Xavier Maia,69917400,5,,"""Doces &amp; Bolos""","""$""",Rio Branco
Ateliê da Rê - Doces &amp; Salgados | RIO BRANCO | iFood,https://www.ifood.com.br/delivery/rio-branco-ac/atelie-da-re---doces--salgados-novo-horizonte/51ff44c4-4c6d-4017-9524-3826e6f6f997,999663011,49752383000143,Rua Bentivi 53,Novo Horizonte,69911418,4.9,,"""Salgados""","""$""",Rio Branco
Dio Santo Pizza Artesanal | RIO BRANCO | iFood,https://www.ifood.com.br/delivery/rio-branco-ac/dio-santo-pizza-artesanal-bosque/3acd4382-0aeb-4fb4-985f-9db21fb59f84,999441485,42145143000131,Rua Silvestre Coelho 402,Bosque,69900773,4.9,,"""Pizza""","""$""",Rio Branco
El Toro Burguer | RIO BRANCO | iFood,https://www.ifood.com.br/delivery/rio-branco-ac/el-toro-burguer-joao-eduardo-ii/45bc3387-1ba8-4241-871c-da535ee03f70,984124700,62531604000111,Travessa Apucarana 117,João Eduardo II,69911506,4,,"""Hambúrguer""","""$""",Rio Branco
Hilary Cakes  | RIO BRANCO | iFood,https://www.ifood.com.br/delivery/rio-branco-ac/hilary-cakes-comara/760562f9-9f56-4b7e-9ad5-274c73678101,992352102,53705021000179,Rua Raimundo Guerra 61,Comara,69906348,5,,"""Doces &amp; Bolos""","""$""",Rio Branco
Brasileirinho Delivery | RIO BRANCO | iFood,https://www.ifood.com.br/delivery/rio-branco-ac/brasileirinho-delivery-nova-esperanca/87d54791-08ba-4ee7-8e63-5c6fcd31a434,32232271,46126087000149,Estrada do Calafate 1119,Nova Esperança,69915196,4.3,,"""Comida Brasileira""","""$""",Rio Branco
Frango Frito Supremo | RIO BRANCO | iFood,https://www.ifood.com.br/delivery/rio-branco-ac/frango-frito-supremo-nova-esperanca/8db7ceb0-64a0-4717-a478-b89f29cd64c1,40032665,51263593000209,Rua São José 550,Nova Esperança,69915202,4.8,,"""Lanches""","""$""",Rio Branco
B. Casa da Picanha | RIO BRANCO | iFood,https://www.ifood.com.br/delivery/rio-branco-ac/b-casa-da-picanha-conjunto-castelo-branco/ffc2e5b1-26ef-46e0-96da-36747a70c139,,01921641000141,Rua Manoel Castilho 117,Conjunto Castelo Branco,69911232,4.8,,"""Comida Brasileira""","""$""",Rio Branco
O Batatão - Batatas Recheadas | RIO BRANCO | iFood,https://www.ifood.com.br/delivery/rio-branco-ac/o-batatao---batatas-recheadas-floresta/1f39ada9-6e52-476c-bb56-5f08b4e3ee59,984150642,59315422000107,Rua Maria das Dores 1034,Floresta,69915154,4.9,,"""Lanches""","""$""",Rio Branco
Tacacá do Dete | RIO BRANCO | iFood,https://www.ifood.com.br/delivery/rio-branco-ac/tacaca-do-dete-bosque/2fc268d1-00a2-4e2d-9387-f60809df71f6,40030053,15327977000195,R CORONEL ALEXANDRINO 635,Bosque,69900658,4.8,,"""Comida Brasileira""","""$$""",Rio Branco
Okki Delivery - Sushi &amp; Poke | RIO BRANCO | iFood,https://www.ifood.com.br/delivery/rio-branco-ac/okki-delivery---sushi--poke-jardim-tropical/7baa6c40-92e3-4e72-bad5-9f9f511cc86d,32253622,53417596000196,Rua Vitória Régia 379,Jardim Tropical,69901251,4.9,,"""Comida Japonesa""","""$$$""",Rio Branco
Caipira in Box - Comida Mineira | RIO BRANCO | iFood,https://www.ifood.com.br/delivery/rio-branco-ac/caipira-in-box---comida-mineira-nova-esperanca/b871eb18-204d-4122-a280-021b4ecfc3b9,32232271,46126087000149,Estrada do Calafate 1119,Nova Esperança,69915196,3.9,,"""Comida Brasileira""","""$""",Rio Branco
Bistrô da Mia- Cuscuz Gourmet | RIO BRANCO | iFood,https://www.ifood.com.br/delivery/rio-branco-ac/bistro-da-mia--cuscuz-gourmet-floresta-sul/17f14a7f-3b8a-43a1-922d-638cb3d9b974,999685831,52677708000185,rua jutai 73,Floresta Sul,69912491,5,,"""Comida Brasileira""","""$""",Rio Branco
Distribuidora Davi | RIO BRANCO | iFood,https://www.ifood.com.br/delivery/rio-branco-ac/distribuidora-davi-conjunto-tucuma/33169ad0-50c2-4621-a8df-7d510c07910f,999504848,19677942000137,Avenida Oeste 760,Conjunto Tucumã,69919673,4.9,,"""Comida Brasileira""","""$""",Rio Branco
Espetinho do Pai | RIO BRANCO | iFood,https://www.ifood.com.br/delivery/rio-branco-ac/espetinho-do-pai-vitoria/8efca3da-ce13-4daf-8349-2e227a34c427,,45028320000198,Estrada do São Francisco 1779,Vitória,69901815,4.7,,"""Comida Brasileira""","""$""",Rio Branco
Pastelaria Tri-lanche | RIO BRANCO | iFood,https://www.ifood.com.br/delivery/rio-branco-ac/pastelaria-tri-lanche-ceramica/91c14da0-1f91-4324-ba08-ae022439ac00,999639953,52829494000115,Rua Benjamin Constant 365,Cerâmica,69905072,5,,"""Salgados""","""$""",Rio Branco
Sabores Mágicos Ateliê - Doces &amp; Bolos | RIO BRANCO | iFood,https://www.ifood.com.br/delivery/rio-branco-ac/sabores-magicos-atelie---doces--bolos-jardim-primavera/c11e428d-5d87-453e-b412-bfb1c3dcd4f8,40032665,55769286000166,Rua Cravos 192,Jardim Primavera,69919610,4.9,,"""Doces &amp; Bolos""","""$""",Rio Branco
ACHEF&#x27;S Pollaria Marmitaria Perú | RIO BRANCO | iFood,https://www.ifood.com.br/delivery/rio-branco-ac/achefs-pollaria-marmitaria-peru-placas/4c8781bd-46a9-46d1-abef-ed74ce3ecb47,992318361,62428405000182,Rua Gonçalves Dias 151,Placas,69902750,5,,"""Marmita""","""$""",Rio Branco
Parrilla Burg by Kedson Damasceno - Hamburgueria | RIO BRANCO | iFood,https://www.ifood.com.br/delivery/rio-branco-ac/parrilla-burg-by-kedson-damasceno---hamburgueria-tangara/baa22da4-e238-4833-a336-e894f4d8cdfc,992071901,37384439000175,Rua Dourado 104,Tangará,69915002,4.8,,"""Hambúrguer""","""$$$""",Rio Branco
Ao Vivão Lanches | RIO BRANCO | iFood,https://www.ifood.com.br/delivery/rio-branco-ac/ao-vivao-lanches-mascarenhas-de-morais-abraao-alab/7c2b5bb9-ae08-4ef8-8d70-78e215d5451b,999917882,59716731000180,Rua Rubens Carneiro 720,Mascarenhas de Morais Abraao Alab,69918044,4.9,,"""Lanches""","""$""",Rio Branco
Sorveteria Geladão | RIO BRANCO | iFood,https://www.ifood.com.br/delivery/rio-branco-ac/sorveteria-geladao-nova-esperanca/af2db60b-c6e9-48fb-9579-9f6260a7e68e,992034415,22949722000120,Rua Margarida 335,Nova Esperança,69915218,4.9,,"""Sorvetes""","""$""",Rio Branco
Origens Açaíteria | RIO BRANCO | iFood,https://www.ifood.com.br/delivery/rio-branco-ac/origens-acaiteria-santa-ines/eacf81b2-9e82-4fff-b6a8-bac027676864,999450704,53075795000163,Rua José Luís 491,Santa Inês,69907677,4.7,,"""Açaí""","""$""",Rio Branco
Pão de Queijo Express | RIO BRANCO | iFood,https://www.ifood.com.br/delivery/rio-branco-ac/pao-de-queijo-express-bosque/f55a2968-3c13-44a3-bba7-9711952231ce,40032665,47966195000192,Avenida Nações Unidas 480,Bosque,69900721,4.3,,"""Lanches""","""$""",Rio Branco
Ateliê da Rê Confeitaria | RIO BRANCO | iFood,https://www.ifood.com.br/delivery/rio-branco-ac/atelie-da-re-confeitaria-novo-horizonte/92c08c9e-7e82-4b08-8b8e-9a5c51976f80,999663011,47899272000139,Rua Bentivi 53,Novo Horizonte,69911418,5,,"""Doces &amp; Bolos""","""$""",Rio Branco
Doceria Inês Araújo | RIO BRANCO | iFood,https://www.ifood.com.br/delivery/rio-branco-ac/doceria-ines-araujo-loteamento-novo-horizonte/b1bd1206-353c-4656-88ae-cb155659524f,999934192,62940778000138,Rua Samaúma 96,Loteamento Novo Horizonte,69921121,5,,"""Doces &amp; Bolos""","""$""",Rio Branco
Espeto de Bambu | RIO BRANCO | iFood,https://www.ifood.com.br/delivery/rio-branco-ac/espeto-de-bambu-jardim-tropical/d531b062-6c71-494a-8879-21bf6d1d49dd,992399341,64612867000180,Rua Palmeiras 0,Jardim Tropical,69901230,4.8,,"""Comida Brasileira""","""$""",Rio Branco
Marnize - Feijoada e Marmita Delivery | RIO BRANCO | iFood,https://www.ifood.com.br/delivery/rio-branco-ac/marnize---feijoada-e-marmita-delivery-conjunto-oscar-passos/59a4db06-613d-4ffe-a64b-be08f02439bf,999530329,58598265000113,Rua Romário Costa 240,Conjunto Oscar Passos,69901652,4.8,,"""Marmita""","""$""",Rio Branco
Sharks Lanches | RIO BRANCO | iFood,https://www.ifood.com.br/delivery/rio-branco-ac/sharks-lanches-nova-esperanca/243e66e8-5d97-4f60-82fd-9422659a8e74,999720826,29244212000104,Rua Cristo Rei 239,Nova Esperança,69915216,4.6,,"""Lanches""","""$""",Rio Branco
Costelao da Floresta | RIO BRANCO | iFood,https://www.ifood.com.br/delivery/rio-branco-ac/costelao-da-floresta-conjunto-mascarenhas-de-moraes/b07c559f-34fb-49f4-bd0a-f4d12b790f23,40030053,84329390000138,Rua Rio de Janeiro 1749,Conjunto Mascarenhas de Moraes,69918012,4.6,,"""Comida Brasileira""","""$""",Rio Branco
Rius Pão de queijo  | RIO BRANCO | iFood,https://www.ifood.com.br/delivery/rio-branco-ac/rius-pao-de-queijo-conjunto-bela-vista/c5bd0447-8453-4248-af66-20e510cba4a2,999126619,03035286000139,Rua Rio de Janeiro 1634,Conjunto Bela Vista,69918012,4.8,,"""Comida Brasileira""","""$""",Rio Branco
Dusol Restaurante | RIO BRANCO | iFood,https://www.ifood.com.br/delivery/rio-branco-ac/dusol-restaurante-vila-ivonete/ffe80040-2b54-455a-bd2e-7d441d8c8979,999070539,33667400000104,R ABRAIM FARHAT 20,VILA IVONETE,69918580,4.4,,"""Comida Brasileira""","""$""",Rio Branco
Refeições Delivery - Comida Brasileira | RIO BRANCO | iFood,https://www.ifood.com.br/delivery/rio-branco-ac/refeicoes-delivery---comida-brasileira-nova-esperanca/13cfae61-1897-4f0c-816b-c4095d427ffc,992123443,46126087000149,Estrada do Calafate 1119,Nova Esperança,69915196,4.5,,"""Comida Brasileira""","""$""",Rio Branco
Kiosque do Açai Estadio | RIO BRANCO | iFood,https://www.ifood.com.br/delivery/rio-branco-ac/kiosque-do-acai-estadio-capoeira/def963f5-809d-471b-b485-61c6ca93ef54,992471339,36482580000300,Avenida Ceará 1276,Capoeira,69905000,4.9,,"""Comida Brasileira""","""$""",Rio Branco
RESTAURANTE COLONIAL | RIO BRANCO | iFood,https://www.ifood.com.br/delivery/rio-branco-ac/restaurante-colonial-bosque/33da70cd-f9e0-4eeb-b64e-e719f715f47c,992060815,33679063000175,Avenida Nações Unidas 1348,Bosque,69900520,4.7,,"""Comida Brasileira""","""$""",Rio Branco
" Lanche da Eliana,cafe Sorveteria e Açai | RIO BRANCO | iFood",https://www.ifood.com.br/delivery/rio-branco-ac/lanche-da-elianacafe-sorveteria-e-acai-conquista/6a614ec6-a65c-4b0d-94e8-4b8b8873d742,999289231,62950251000194,Rua Aquarela 198,Conquista,69918834,4.9,,"""Comida Brasileira""","""$""",Rio Branco
Sos Lanches Delivery | RIO BRANCO | iFood,https://www.ifood.com.br/delivery/rio-branco-ac/sos-lanches-delivery-paz/19ae2d5f-f4b1-4da7-acef-6fd800f4359f,920013824,64546304000131,Estrada Alberto Torres 988,Paz,69919230,4,,"""Lanches""","""$""",Rio Branco
Rio Verde Churrascaria &amp; Restaurante | RIO BRANCO | iFood,https://www.ifood.com.br/delivery/rio-branco-ac/rio-verde-churrascaria--restaurante-alto-alegre/44eebc82-c8dd-4796-bc8a-4741885834ef,992016249,28840430000130,Estrada Juarez Távora 1490,Alto Alegre,69921270,5,,"""Comida Brasileira""","""$""",Rio Branco
Acreano Burguer | RIO BRANCO | iFood,https://www.ifood.com.br/delivery/rio-branco-ac/acreano-burguer-bosque/ca0545cb-f43b-44ef-be05-2f180a995d05,999728781,,Rua Via parque 100,Bosque,69900415,4.9,,,"""CHEAPEST""",Rio Branco