restaurant,tenant,domain,phone,email,cnpj,address,instagram,instagram_profile_url,instagram_user_id,perfil,seguidores,seguindo,tema_da_loja,ultimo_post,destaques,unidades,funcionarios,link_externo,link_externo_resumo,contextualizacao_loja,punch_line
Vuca Solution - Frente de Loja,acaidoninja,acaidoninja.vucasolution.com.br,5562998207357; 1559339352; 1552566626; 15172481354; 14142350774,,,,@vuca.solution,https://www.instagram.com/acaidoninja/,3254006917,acaidoninja — CardápioSeja franqueado,,2.380,"acaidoninja. CardápioSeja franqueado; ; Destaques: Destaque 1: Esta página não está funcionando Se o problema continuar, entre em contato com o proprietário do site. HTTP ERROR 429 Recarregar; Destaque 2: Esta página não está funcionando Se o problema continuar, entre em contato com o proprietário do site. HTTP ERROR 429 Recarregar; ; Legenda: acaidoninja 4 dEssa taça é daquelas que fazem qualquer um ficar com sorriso de orelha a orelha �...",acaidoninja 4 dEssa taça é daquelas que fazem qualquer um ficar com sorriso de orelha a orelha 😍🍨 Você já experimentou?Conta aqui nos comentários se você também é apaixonado(a) por ela 💜👇; Foto do perfil de joaopedro_insfran,"Destaque 1: Esta página não está funcionando Se o problema continuar, entre em contato com o proprietário do site. HTTP ERROR 429 Recarregar; Destaque 2: Esta página não está funcionando Se o problema continuar, entre em contato com o proprietário do site. HTTP ERROR 429 Recarregar",,,,,"acaidoninja — CardápioSeja franqueado; acaidoninja. CardápioSeja franqueado; ; Destaques: Destaque 1: Esta página não está funcionando Se o problema continuar, entre em contato com o proprietário do site. HTTP ERROR 429 Recarregar; Destaque 2: Esta página não está funcionando Se o problema continuar, entre em contato com o proprietário do site. HTTP ERROR 429 Recarregar; ; Legenda: acaidoninja 4 dEssa taça é daquelas que fazem qualquer um ficar com sorriso de orelha a orelha �...; Destaque 1: Esta página não está funcionando Se o problema continuar, entre em contato com o proprietário do site. HTTP ERROR 429 Recarregar; Destaque 2: Esta página não está funcionando Se o problema continuar, entre em contato com o proprietário do site. HTTP ERROR 429 Recarregar",acaidoninja 4 dEssa taça é daquelas que fazem qualquer um ficar com sorriso de orelha a orelha 😍🍨 Você já experimentou?Conta aqui nos comentários se você também é apaixonado(a) por ela 💜👇; Foto do perfil de joaopedro_insfran
Vuca Solution - Frente de Loja,acaverna,acaverna.vucasolution.com.br,5562998207357; 1559339352; 1552566626; 15172481354; 14142350774,,,,@vuca.solution,https://www.instagram.com/accavernasp/,76561635183,accavernasp — SeguirEnviar mensagemContas semelhantes,294,543,accavernasp. SeguirEnviar mensagemContas semelhantes; ; Legenda: comunidadecaverna. Imagem: Foto do perfil de joaopedro_insfran; ; Legenda: Inicie a conversa.. Imagem: Foto do perfil de joaopedro_insfran; ; Legenda: comunidadecaverna. Imagem: Foto do perfil de joaopedro_insfran; ; Legenda: marinasilvaoficial. Imagem: Foto do perfil de joaopedro_insfran; ; Legenda: comunidadecaverna. Imagem: Foto do perfil de joaopedro_insfran; ; Legenda: comunidadecaverna. I...,comunidadecaverna; Foto do perfil de joaopedro_insfran,,,,,,accavernasp — SeguirEnviar mensagemContas semelhantes; accavernasp. SeguirEnviar mensagemContas semelhantes; ; Legenda: comunidadecaverna. Imagem: Foto do perfil de joaopedro_insfran; ; Legenda: Inicie a conversa.. Imagem: Foto do perfil de joaopedro_insfran; ; Legenda: comunidadecaverna. Imagem: Foto do perfil de joaopedro_insfran; ; Legenda: marinasilvaoficial. Imagem: Foto do perfil de joaopedro_insfran; ; Legenda: comunidadecaverna. Imagem: Foto do perfil de joaopedro_insfran; ; Legenda: comunidadecaverna. I...,comunidadecaverna; Foto do perfil de joaopedro_insfran
Vuca Solution - Frente de Loja,bacanas,bacanas.vucasolution.com.br,5562998207357; 1559339352; 1552566626; 15172481354; 14142350774,,,,@vuca.solution,https://www.instagram.com/casas_bacanas/,19483649,casas_bacanas — SeguirEnviar mensagemContas semelhantes,,81,"casas_bacanas. SeguirEnviar mensagemContas semelhantes; ; Destaques: Destaque 1: Esta página não está funcionando Se o problema continuar, entre em contato com o proprietário do site. HTTP ERROR 429 Recarregar; ; Legenda: casas_bacanas 15 semUma casa de 103m² na Pompéia reinventada com cuidado. A reforma recente trouxe luz, ventilação, um segundo andar e aquela sensação de lar vivido. São 2 quartos, sendo 1 suíte e ainda tem vaga de gara...","casas_bacanas 15 semUma casa de 103m² na Pompéia reinventada com cuidado. A reforma recente trouxe luz, ventilação, um segundo andar e aquela sensação de lar vivido. São 2 quartos, sendo 1 suíte e ainda tem vaga de garagem. Pé-direito duplo, jardim de inverno, forno a lenha, varanda na suíte e um escritório com entrada independente fazem ela unir aconchego de interior com a vida prática da cidade. No entorno, a Pompéia tranquila, com padaria artesanal, feira de orgânicos e pizza boa na esquina. Uma casa com alma pronta para novos capítulos.À venda por R$ 1.550.000IPTU (mensal): R$ 172,73Código do imóvel no site casasbacanas.com: CB16471Fale com Fernanda pelo Instagram @as_casasbacanas_da_fernandaou pelo WhatsApp (11) 99747-3972.; Foto do perfil de joaopedro_insfran","Destaque 1: Esta página não está funcionando Se o problema continuar, entre em contato com o proprietário do site. HTTP ERROR 429 Recarregar",,,,,"casas_bacanas — SeguirEnviar mensagemContas semelhantes; casas_bacanas. SeguirEnviar mensagemContas semelhantes; ; Destaques: Destaque 1: Esta página não está funcionando Se o problema continuar, entre em contato com o proprietário do site. HTTP ERROR 429 Recarregar; ; Legenda: casas_bacanas 15 semUma casa de 103m² na Pompéia reinventada com cuidado. A reforma recente trouxe luz, ventilação, um segundo andar e aquela sensação de lar vivido. São 2 quartos, sendo 1 suíte e ainda tem vaga de gara...; Destaque 1: Esta página não está funcionando Se o problema continuar, entre em contato com o proprietário do site. HTTP ERROR 429 Recarregar","casas_bacanas 15 semUma casa de 103m² na Pompéia reinventada com cuidado. A reforma recente trouxe luz, ventilação, um segundo andar e aquela sensação de lar vivido. São 2 quartos, sendo 1 suíte e ainda tem vaga de garagem. Pé-direito duplo"
Vuca Solution - Frente de Loja,baladamix,baladamix.vucasolution.com.br,5562998207357; 1559339352; 1552566626; 15172481354; 14142350774,,,,@vuca.solution,https://www.instagram.com/baladamixrestaurante/,1310556279,baladamixrestaurante — ENDEREÇOSHORÁRIOCONTATODELIVERYREPOSTREPOST,,57,"baladamixrestaurante. ENDEREÇOSHORÁRIOCONTATODELIVERYREPOSTREPOST; ; Destaques: Destaque 1: Esta página não está funcionando Se o problema continuar, entre em contato com o proprietário do site. HTTP ERROR 429 Recarregar; Destaque 2: Esta página não está funcionando Se o problema continuar, entre em contato com o proprietário do site. HTTP ERROR 429 Recarregar; Destaque 3: Esta página não está funcionando Se o problema continuar, entre...",baladamixrj e baladamixrestaurante; Foto do perfil de joaopedro_insfran,"Destaque 1: Esta página não está funcionando Se o problema continuar, entre em contato com o proprietário do site. HTTP ERROR 429 Recarregar; Destaque 2: Esta página não está funcionando Se o problema continuar, entre em contato com o proprietário do site. HTTP ERROR 429 Recarregar; Destaque 3: Esta página não está funcionando Se o problema continuar, entre em contato com o proprietário do site. HTTP ERROR 429 Recarregar; Destaque 4: Esta página não está funcionando Se o problema continuar, entre em contato com o proprietário do site. HTTP ERROR 429 Recarregar; Destaque 5: Esta página não está funcionando Se o problema continuar, entre em contato com o proprietário do site. HTTP ERROR 429 Recarregar; Destaque 6: Esta página não está funcionando Se o problema continuar, entre em contato com",,,,,"baladamixrestaurante — ENDEREÇOSHORÁRIOCONTATODELIVERYREPOSTREPOST; baladamixrestaurante. ENDEREÇOSHORÁRIOCONTATODELIVERYREPOSTREPOST; ; Destaques: Destaque 1: Esta página não está funcionando Se o problema continuar, entre em contato com o proprietário do site. HTTP ERROR 429 Recarregar; Destaque 2: Esta página não está funcionando Se o problema continuar, entre em contato com o proprietário do site. HTTP ERROR 429 Recarregar; Destaque 3: Esta página não está funcionando Se o problema continuar, entre...; Destaque 1: Esta página não está funcionando Se o problema continuar, entre em contato com o proprietário do site. HTTP ERROR 429 Recarregar; Destaque 2: Esta página não está funcionando Se o problema continuar, entre em contato com o proprietário do site. HTTP ERROR 429 Recarregar; Destaque",baladamixrj e baladamixrestaurante; Foto do perfil de joaopedro_insfran
Vuca Solution - Frente de Loja,barfrangogaucho,barfrangogaucho.vucasolution.com.br,5562998207357; 1559339352; 1552566626; 15172481354; 14142350774,,,,@vuca.solution,https://www.instagram.com/barfrangogaucho/,2311742293,barfrangogaucho — ChurrascoBrinquedotecaDeliveryCardápioHoráriosLocalização,,3.382,"barfrangogaucho. ChurrascoBrinquedotecaDeliveryCardápioHoráriosLocalização; ; Destaques: Destaque 1: Esta página não está funcionando Se o problema continuar, entre em contato com o proprietário do site. HTTP ERROR 429 Recarregar; Destaque 2: Esta página não está funcionando Se o problema continuar, entre em contato com o proprietário do site. HTTP ERROR 429 Recarregar; Destaque 3: Esta página não está funcionando Se o problema conti...",Bar Frango Gaúcho; Foto do perfil de joaopedro_insfran,"Destaque 1: Esta página não está funcionando Se o problema continuar, entre em contato com o proprietário do site. HTTP ERROR 429 Recarregar; Destaque 2: Esta página não está funcionando Se o problema continuar, entre em contato com o proprietário do site. HTTP ERROR 429 Recarregar; Destaque 3: Esta página não está funcionando Se o problema continuar, entre em contato com o proprietário do site. HTTP ERROR 429 Recarregar; Destaque 4: Cardápio; Destaque 5: Horários; Destaque 6: Localização",,,,,"barfrangogaucho — ChurrascoBrinquedotecaDeliveryCardápioHoráriosLocalização; barfrangogaucho. ChurrascoBrinquedotecaDeliveryCardápioHoráriosLocalização; ; Destaques: Destaque 1: Esta página não está funcionando Se o problema continuar, entre em contato com o proprietário do site. HTTP ERROR 429 Recarregar; Destaque 2: Esta página não está funcionando Se o problema continuar, entre em contato com o proprietário do site. HTTP ERROR 429 Recarregar; Destaque 3: Esta página não está funcionando Se o problema conti...; Destaque 1: Esta página não está funcionando Se o problema continuar, entre em contato com o proprietário do site. HTTP ERROR 429 Recarregar; Destaque 2: Esta página não está funcionando Se o problema continuar, entre em contato com o proprietário do site. HTTP ERROR 429 Recarregar; Destaque",Bar Frango Gaúcho; Foto do perfil de joaopedro_insfran
Vuca Solution - Frente de Loja,bistro1890,bistro1890.vucasolution.com.br,5562998207357; 1559339352; 1552566626; 15172481354; 14142350774,,,,@vuca.solution,,,,,,,,,,,,,,
Vuca Solution - Frente de Loja,blendperfeito,blendperfeito.vucasolution.com.br,5562998207357; 1559339352; 1552566626; 15172481354; 14142350774,,,,@vuca.solution,,,,,,,,,,,,,,
Vuca Solution - Frente de Loja,brago,brago.vucasolution.com.br,5562998207357; 1559339352; 1552566626; 15172481354; 14142350774,,,,@vuca.solution,,,,,,,,,,,,,,
Vuca Solution - Frente de Loja,buldogs,buldogs.vucasolution.com.br,5562998207357; 1559339352; 1552566626; 15172481354; 14142350774,,,,@vuca.solution,,,,,,,,,,,,,,
Vuca Solution - Frente de Loja,bullshamburgueria,bullshamburgueria.vucasolution.com.br,5562998207357; 1559339352; 1552566626; 15172481354; 14142350774,,,,@vuca.solution,,,,,,,,,,,,,,
Vuca Solution - Frente de Loja,caseratto,caseratto.vucasolution.com.br,5562998207357; 1559339352; 1552566626; 15172481354; 14142350774,,,,@vuca.solution,,,,,,,,,,,,,,
Vuca Solution - Frente de Loja,chezlami,chezlami.vucasolution.com.br,5562998207357; 1559339352; 1552566626; 15172481354; 14142350774,,,,@vuca.solution,,,,,,,,,,,,,,
Vuca Solution - Frente de Loja,clubedacana,clubedacana.vucasolution.com.br,5562998207357; 1559339352; 1552566626; 15172481354; 14142350774,,,,@vuca.solution,,,,,,,,,,,,,,
Vuca Solution - Frente de Loja,confrariadocamarao,confrariadocamarao.vucasolution.com.br,5562998207357; 1559339352; 1552566626; 15172481354; 14142350774,,,,@vuca.solution,,,,,,,,,,,,,,
Vuca Solution - Frente de Loja,crifhotdogbeer,crifhotdogbeer.vucasolution.com.br,5562998207357; 1559339352; 1552566626; 15172481354; 14142350774,,,,@vuca.solution,,,,,,,,,,,,,,
Vuca Solution - Frente de Loja,demonstracaovuca,demonstracaovuca.vucasolution.com.br,5562998207357; 1559339352; 1552566626; 15172481354; 14142350774,,,,@vuca.solution,,,,,,,,,,,,,,
Vuca Solution - Frente de Loja,deumsalve,deumsalve.vucasolution.com.br,5562998207357; 1559339352; 1552566626; 15172481354; 14142350774,,,,@vuca.solution,,,,,,,,,,,,,,
Vuca Solution - Frente de Loja,faceburg,faceburg.vucasolution.com.br,5562998207357; 1559339352; 1552566626; 15172481354; 14142350774,,,,@vuca.solution,,,,,,,,,,,,,,
Vuca Solution - Frente de Loja,floresta,floresta.vucasolution.com.br,5562998207357; 1559339352; 1552566626; 15172481354; 14142350774,,,,@vuca.solution,,,,,,,,,,,,,,
Vuca Solution - Frente de Loja,fogoebrasa,fogoebrasa.vucasolution.com.br,5562998207357; 1559339352; 1552566626; 15172481354; 14142350774,,,,@vuca.solution,,,,,,,,,,,,,,
Vuca Solution - Frente de Loja,gamafood,gamafood.vucasolution.com.br,5562998207357; 1559339352; 1552566626; 15172481354; 14142350774,,,,@vuca.solution,,,,,,,,,,,,,,
Vuca Solution - Frente de Loja,grupocurio,grupocurio.vucasolution.com.br,5562998207357; 1559339352; 1552566626; 15172481354; 14142350774,,,,@vuca.solution,,,,,,,,,,,,,,
Vuca Solution - Frente de Loja,gruponativas,gruponativas.vucasolution.com.br,5562998207357; 1559339352; 1552566626; 15172481354; 14142350774,,,,@vuca.solution,,,,,,,,,,,,,,
Vuca Solution - Frente de Loja,gruposushivix,gruposushivix.vucasolution.com.br,5562998207357; 1559339352; 1552566626; 15172481354; 14142350774,,,,@vuca.solution,,,,,,,,,,,,,,
Vuca Solution - Frente de Loja,helenanolleto,helenanolleto.vucasolution.com.br,5562998207357; 1559339352; 1552566626; 15172481354; 14142350774,,,,@vuca.solution,,,,,,,,,,,,,,
Vuca Solution - Frente de Loja,jessicagourmet,jessicagourmet.vucasolution.com.br,5562998207357; 1559339352; 1552566626; 15172481354; 14142350774,,,,@vuca.solution,,,,,,,,,,,,,,
Vuca Solution - Frente de Loja,kanpaiblue,kanpaiblue.vucasolution.com.br,5562998207357; 1559339352; 1552566626; 15172481354; 14142350774,,,,@vuca.solution,,,,,,,,,,,,,,
Vuca Solution - Frente de Loja,kozu,kozu.vucasolution.com.br,5562998207357; 1559339352; 1552566626; 15172481354; 14142350774,,,,@vuca.solution,,,,,,,,,,,,,,
Vuca Solution - Frente de Loja,leosburguer,leosburguer.vucasolution.com.br,5562998207357; 1559339352; 1552566626; 15172481354; 14142350774,,,,@vuca.solution,,,,,,,,,,,,,,
Vuca Solution - Frente de Loja,lifeboxburger,lifeboxburger.vucasolution.com.br,5562998207357; 1559339352; 1552566626; 15172481354; 14142350774,,,,@vuca.solution,,,,,,,,,,,,,,
Vuca Solution - Frente de Loja,mandaka,mandaka.vucasolution.com.br,5562998207357; 1559339352; 1552566626; 15172481354; 14142350774,,,,@vuca.solution,,,,,,,,,,,,,,
Vuca Solution - Frente de Loja,megapastel,megapastel.vucasolution.com.br,5562998207357; 1559339352; 1552566626; 15172481354; 14142350774,,,,@vuca.solution,,,,,,,,,,,,,,
Vuca Solution - Frente de Loja,miqueiasfastfood,miqueiasfastfood.vucasolution.com.br,5562998207357; 1559339352; 1552566626; 15172481354; 14142350774,,,,@vuca.solution,,,,,,,,,,,,,,
Vuca Solution - Frente de Loja,operacafebistro,operacafebistro.vucasolution.com.br,5562998207357; 1559339352; 1552566626; 15172481354; 14142350774,,,,@vuca.solution,,,,,,,,,,,,,,
Vuca Solution - Frente de Loja,ori,ori.vucasolution.com.br,5562998207357; 1559339352; 1552566626; 15172481354; 14142350774,,,,@vuca.solution,,,,,,,,,,,,,,
Vuca Solution - Frente de Loja,pastelariakipasteis,pastelariakipasteis.vucasolution.com.br,5562998207357; 1559339352; 1552566626; 15172481354; 14142350774,,,,@vuca.solution,,,,,,,,,,,,,,
Vuca Solution - Frente de Loja,pirybar,pirybar.vucasolution.com.br,5562998207357; 1559339352; 1552566626; 15172481354; 14142350774,,,,@vuca.solution,,,,,,,,,,,,,,
Vuca Solution - Frente de Loja,quintaldojaja,quintaldojaja.vucasolution.com.br,5562998207357; 1559339352; 1552566626; 15172481354; 14142350774,,,,@vuca.solution,,,,,,,,,,,,,,
Vuca Solution - Frente de Loja,restaurantebotelli,restaurantebotelli.vucasolution.com.br,5562998207357; 1559339352; 1552566626; 15172481354; 14142350774,,,,@vuca.solution,,,,,,,,,,,,,,
Vuca Solution - Frente de Loja,ryori,ryori.vucasolution.com.br,5562998207357; 1559339352; 1552566626; 15172481354; 14142350774,,,,@vuca.solution,,,,,,,,,,,,,,
Vuca Solution - Frente de Loja,sacadabar,sacadabar.vucasolution.com.br,5562998207357; 1559339352; 1552566626; 15172481354; 14142350774,,,,@vuca.solution,,,,,,,,,,,,,,
Vuca Solution - Frente de Loja,santavila,santavila.vucasolution.com.br,5562998207357; 1559339352; 1552566626; 15172481354; 14142350774,,,,@vuca.solution,,,,,,,,,,,,,,
Vuca Solution - Frente de Loja,takitaki,takitaki.vucasolution.com.br,5562998207357; 1559339352; 1552566626; 15172481354; 14142350774,,,,@vuca.solution,,,,,,,,,,,,,,
Vuca Solution - Frente de Loja,velhotexas,velhotexas.vucasolution.com.br,5562998207357; 1559339352; 1552566626; 15172481354; 14142350774,,,,@vuca.solution,,,,,,,,,,,,,,
Vuca Solution - Frente de Loja,villacarioca,villacarioca.vucasolution.com.br,5562998207357; 1559339352; 1552566626; 15172481354; 14142350774,,,,@vuca.solution,,,,,,,,,,,,,,
Vuca Solution - Frente de Loja,zer062ois,zer062ois.vucasolution.com.br,5562998207357; 1559339352; 1552566626; 15172481354; 14142350774,,,,@vuca.solution,,,,,,,,,,,,,,
VUCA Solution - ERP para Restaurantes | Aumente sua margem em até 30%,materiais,materiais.vucasolution.com.br,17692042629; 17691984254,,,,,,,,,,,,,,,,,,