Nome do negócio;Valor do negócio;Qual feature está indisponível;Motivo fechamento perdido;Data entrada perdido CLOSER;Número de lojas;Observação;Observações de atividades
OakBerry;;;Não é prioridade;06/06/2025 14:35;300;Gostou muito, apresentar para mais 2 pessoas e iniciar piloto no RJ;Sidney vai conversar com o CEO quarta feira 11/09 | Em stand by, passou por uma conversa com o Sidney, só vai retomar a conversa depois ede ter um head de tecnologia para auxiliar na migração | Mandei mensagem para retomarmos a conversa
Mana Poke;;;;09/09/2024 15:17;64;Sócios não querer mudar sistema, mas Franco acaba contrato ano que vem, voltar a falar fim do ano;
Coxinha no pote;;Emissão de DANFE / NF;Não é prioridade;06/05/2025 14:26;40;Pedro vai apresentar para socios e passar feedback / proximos passos;https://api.whatsapp.com/send?phone=558179015000 | Faturamento 50 a 60k tem 30 e poucas lojas atendimento balcão e ifood usam PDV Legal, Livio é o CEO - Pedro esta virando sócio Pedro pediu pra fazer uma apresentação breve antes de começarmos. Usam Sults para franquias e PDV Legal para vendas - 200 reais PDV e 50,00 por loja no Sults. Viu valor, mas o custo assustou. Nosso diferencial ficaria no financeiro, estoque, pessoas e metas, que nao fazem no processo atual Precisa de emissão de Nota, vende Royalties, marketing, embalagens e tem que controlar essas vendas tb
Porto do Sabor;;;;09/09/2024 15:17;35;Acabaram de fechar contrato de 2 anos com Lynx e Sults, mas curtiram o Nola;
Barneys Burguer;;;;09/09/2024 15:17;16;Falou que socios seguiram com outro sistema, nao tivemos oportunidade de apresentar para eles;
San Paolo;;"Auto Atendimento;Totem;Fidelidade;Smart POS GetNet";Feature indisponível;03/06/2025 09:51;57;Aguardando oportunidade para iniciar um piloto;
Grupo Trigo;;;Não é prioridade;06/05/2025 14:26;600;Sidney mandou mensagem, vamos abordar pra vender retaguarda integrada ao GCOM;
Graviola;;;Empresa Encerrada;02/04/2025 13:47;12;Aguardando loja para fazer piloto;
Grupo Rão;;;;09/09/2024 15:17;150;Não vai andar;
Cabana Burger;;;Não é prioridade;16/09/2024 08:54;25;Proximo passo - papo presencial Sidney e socios em SP;
Konioka;;;Não é prioridade;30/10/2024 08:38;30;Marca esta indo mal, problemas societarios;
Usina Burger;;;;09/09/2024 15:17;6;Já tinham assinado com central do franqueado, estão com 1 ano de fidelidade;
TT Burger;;;Esta satisfeito com o sistema atual;14/11/2024 06:28;;;
Parmê;;;Parou de responder;06/01/2026 17:37;;;
Banana Food;450;;Vetado por decisão interna;01/07/2025 17:27;7;;
Umas e Ostras;;Emissão de DANFE / NF;Budget;18/11/2024 09:44;1;;
Hamburgueria Romeu e Julieta;450;"Auto Atendimento;Auto Atendimento - QR Code;Relação Comanda x Mesa";Feature indisponível;29/09/2025 09:40;1;;
Stonia e Milkylab;;;No Show sequenciado;06/05/2025 09:28;27;;
Tio Tomate;299;Cardápio Digital;Feature indisponível;21/10/2024 08:48;2;;
Bobs;;;;03/10/2024 12:10;;;
Hedonê Nutritiva;;;;08/10/2024 11:08;1;;
LeMax -;;;Fechou com concorrente;19/11/2024 11:39;;;
Cabana;;;Não quis ouvir;06/06/2025 14:36;;;
Massa Finna;400;;Feature indisponível;01/07/2025 17:13;1;;
Nema - Ipanema;450;;Vetado por decisão interna;03/06/2025 09:00;25;;
Pizza Anapolis;;"Impressão em etiqueta;Transferencia de mercadoria entre lojas;Relatório Motoboy Impresso;CRM - Disparo de campanha";Parou de responder;06/01/2026 17:37;9;;
Barraca do Pepê;;SmartPOS;Feature indisponível;14/11/2024 06:26;;;
Brivino Brigaderia;450;"SmartPOS;Cardápio Digital;Agendamento de pedidos / Encomendas";Não é prioridade;01/10/2025 11:35;1;;
LE MARMITÊ;;;Faturamento abaixo da SLA;17/10/2024 09:36;1;;
Bistrô 8000;;;Faturamento abaixo da SLA;17/10/2024 09:37;1;;
MOOVI;;;Faturamento abaixo da SLA;17/10/2024 09:37;1;;
Restaurante Seu ciço;;;Não é prioridade;21/10/2024 08:49;1;;
Sr Shiitake - Jardim Sao Luiz;;;No Show sequenciado;06/05/2025 13:55;4;;
Sr Shiitake - Vila Amélia;;;No Show sequenciado;06/05/2025 13:55;4;;
Sheesh burger;480;"Auto Atendimento;SmartPOS;Cardápio Digital;Totem;Fidelidade;SmartPOS Balcão";Parou de responder;01/07/2025 17:11;;;
Padaria Ms Boulanger - Santana;;;Não tem Restaurante;24/10/2024 08:13;0;;
Gurupi Restaurante - Vila Itatiaia;;;Não é prioridade;01/11/2024 15:07;1;;
Sushi Japa;;"Balança;Cardápio Digital;Auto Atendimento;Relação Comanda x Mesa";Feature indisponível;01/11/2024 15:05;15;;
Pimenta Pasteis;480;"Integração;Cardápio Digital;Relação Comanda x Mesa;Auto Atendimento";Integração com outras plataformas;01/07/2025 17:10;7;;
Gauchinho Churrascaria e Pizzaria;;"Balança;Catraca;Cardápio Digital";Já é Cliente;17/06/2025 09:35;2;;
Bulldog Burguer - Ferrovia Pizza;;"Ficha Tecnica unificada por marca;Relatórios CMV - por produto;Transferencia de mercadoria entre lojas;Integração";Parou de responder;01/09/2025 14:47;9;;
MyCost;;"SmartPOS;Totem;Cardápio Digital;Auto Atendimento;Uso Offline";Feature indisponível;06/05/2025 15:06;25;;
Negócios Glauco;;;Não quis ouvir;30/10/2024 08:37;6;;
Rede JK - Padoka;;"Catraca;Leitor código de barras";Feature indisponível;14/11/2024 06:20;5;;
Staff Food;;;No Show sequenciado;06/05/2025 13:53;0;;
Tijolada;;;No Show sequenciado;06/05/2025 13:53;1;;
Adega;;"Leitor código de barras;Relação Comanda x Mesa";Feature indisponível;01/11/2024 15:05;1;;
Delicias de Tiradentes;299;;Sem contato;08/01/2025 14:21;;;
Waipoke;450;Cardápio Digital;Esta satisfeito com o sistema atual;30/06/2025 14:37;3;;
Chavantes Grill;;Balança;Feature indisponível;14/11/2024 06:23;2;;
Mora Burger;;Relatório / Alerta estoque mínimo;Vetado por decisão interna;06/12/2024 12:20;2;;
Na Lenha;;;;11/11/2024 08:50;;;
Confeitaria Isabela Almeida;;"Cardápio Digital;Integração";Budget;17/07/2025 10:22;2;;
Brasa de chão;;"Cardápio Digital;Calculadora de Precificação";Feature indisponível;19/11/2024 16:21;1;;
O BROWNIEST DOCERIA LTDA;;;No Show sequenciado;06/05/2025 13:52;1;;
Gatito Café Bar;;Auto Atendimento - QR Code;Feature indisponível;11/11/2025 14:14;1;;
Barbirô;;Relação Comanda x Mesa;Feature indisponível;06/05/2025 14:28;1;;
Amelie Casa Shopping;;SmartPOS;Feature indisponível;18/11/2024 10:34;;;
Cresco Burger;;;No Show sequenciado;06/05/2025 13:51;1;;
Porto Burger;;;No Show sequenciado;06/05/2025 13:50;1;;
Rio Novo drinks e restaurante;;;Limpeza de Funil;16/01/2025 08:56;1;;
Epico Café;;Smart POS GetNet;Feature indisponível;06/05/2025 09:26;;;
Cervejaria Liberte;450;"SmartPOS;Integração;Auto Atendimento - QR Code;Emissão de DANFE / NF";Não quis ouvir;06/06/2025 14:38;1;;
Guia Chef;;;No Show sequenciado;06/05/2025 13:51;0;;
Padaria Benincasa;;Leitor código de barras;Feature indisponível;06/05/2025 14:29;6;;
Pizza do Jegue - Gass;;;No Show sequenciado;06/05/2025 09:27;1;;
Lilah;150;;Não é prioridade;06/06/2025 14:40;1;;
Bigg`s e Isaias;480;"Cardápio Digital;Auto Atendimento;Totem;Fidelidade;Integração";Parou de responder;24/09/2025 12:16;14;;
Benedere Alimentação Saudável;;"Agendamento de pedidos / Encomendas;Integração";Feature indisponível;10/12/2024 09:29;1;;
Chalé Restaurante;;;Limpeza de Funil;27/10/2025 15:19;1;;
Rota 55 Lanches;;"Cardápio Digital;Integração";Esta satisfeito com o sistema atual;16/07/2025 18:44;2;;
Mãe Nobre;680;;Sem contato;06/06/2025 14:40;5;;
Aroeira Restaurante;;;Parou de responder;29/07/2025 14:26;2;;
Smart Burger;;;Não é prioridade;07/01/2025 15:11;1;;
Raiz;;;Parou de responder;15/05/2025 14:52;4;;
Walking Street Burguer;;;No Show sequenciado;06/05/2025 13:49;1;;
Mar a Fora;;;Fechou com concorrente;12/03/2025 16:09;1;;
Vegas Food - Gass;299;Cardápio Digital;Feature indisponível;11/12/2024 17:32;;;
Boteco de mae;450;;Parou de responder;29/07/2025 14:29;2;;
Tempero 85;;;No Show sequenciado;06/05/2025 13:49;1;;
La Bella Pizzaria;;"Auto Atendimento - QR Code;Relação Comanda x Mesa;Controle de validade - Estoque;Relatório / Alerta estoque mínimo;Cardápio Digital";Feature indisponível;29/07/2025 14:33;2;;
Kharimas Esfiharia;480;;Fechou com concorrente;22/10/2025 10:47;1;;
El Padre Floripa;;;No Show sequenciado;06/05/2025 13:49;3;;
La Carioca;450;"SmartPOS;Cardápio Digital;Fidelidade;Relatórios CMV - por produto";Parou de responder;01/07/2025 17:09;3;;
Chaves Confeitaria e restaurante;;;Empresa Encerrada;27/12/2024 10:19;2;;
Toffs;;;No Show sequenciado;06/05/2025 13:48;1;;
DeliciarTe;;;Limpeza de Funil;08/01/2025 14:20;1;;
Negócios Adriana;;"SmartPOS;Integração;Relação Comanda x Mesa";Feature indisponível;19/12/2024 09:39;5;;
Sushi Ponta Negra;480;"Fidelidade;Integração";Já é Cliente;01/07/2025 17:09;9;;
Grano Pizzeria;;;Limpeza de Funil;08/01/2025 14:20;1;;
Terrapí;;;No Show sequenciado;06/05/2025 09:25;1;;
Mr jow comerciobde alimentos;;;Limpeza de Funil;13/01/2025 14:01;1;;
Cantinho carioca;;;Limpeza de Funil;09/01/2025 12:45;1;;
Massa Nostra & Taubaté Express;299;;Parou de responder;06/06/2025 14:42;2;;
thie sushi;;;Limpeza de Funil;09/01/2025 09:54;1;;
Cervejaria Felsen;450;"Transferencia de mercadoria entre lojas;Smart POS PagBank;Emissão de DANFE / NF;Relação Comanda x Mesa";Não é prioridade;02/10/2025 09:05;5;;
Gardens Good Food e Melting Burgers;;;Parou de responder;29/07/2025 14:49;3;;
Tê bar de quintal;;;Limpeza de Funil;09/05/2025 14:58;;;
Panzeroni - Fatima;150;"Relatório / Alerta estoque mínimo;Integração;Robô de Whatsapp - pedidos;Totem;Pesquisa de Satisfação com Cliente;CRM - Disparo de campanha;Modulo Estoque Apartado;Modulo Financeiro Apartado;Fidelidade";Feature indisponível;08/09/2025 09:49;2;;
Panzeroni - Iguatemi;150;"Integração;Totem;Fidelidade;Pesquisa de Satisfação com Cliente;Controle de validade - Estoque;CRM - Disparo de campanha;Robô de Whatsapp - pedidos;Relatório / Alerta estoque mínimo;Modulo Estoque Apartado;Modulo Financeiro Apartado";Feature indisponível;08/09/2025 09:51;2;;
Luar do Canal;;;No Show sequenciado;06/05/2025 09:24;;;
In;;;Limpeza de Funil;09/05/2025 14:58;;;
Phoenix boliche;;;Limpeza de Funil;27/10/2025 15:19;;;
Sorvetes real;;;Não é prioridade;29/04/2025 16:26;2;;
Churrascaria Sirva-se Bem;;;Faturamento abaixo da SLA;07/03/2025 16:36;1;;
Servnutre - Fábrica de Salgados;;;Limpeza de Funil;27/10/2025 15:19;;;
Premiatta Pizza;;SmartPOS;Feature indisponível;11/03/2025 10:02;;;
Colucci Pizzaria;;;Esta satisfeito com o sistema atual;28/05/2025 16:23;1;;
Brigadelicia brigaderia;;Agendamento de pedidos / Encomendas;Feature indisponível;27/02/2025 20:42;1;;
Sorvetes real;;;Fechou com concorrente;09/04/2025 15:16;2;;
By Cuca Restaurante;450;;Parou de responder;14/05/2025 18:01;1;;
Pastel da Gare/Subway;450;;Vetado por decisão interna;29/09/2025 09:56;4;;
Vilamore;480;;Parou de responder;06/06/2025 14:43;1;;
Seu Nelson na Brasa;;;Parou de responder;09/04/2025 15:24;3;;
Bar Candreva;;;Parou de responder;09/04/2025 15:29;5;;
Sertão Xique-Xique;;;Parou de responder;27/04/2025 21:21;2;;
Varanda café bistrô;400;;Não é prioridade;03/12/2025 19:30;1;;
Tropeiros bar e restaurante;;;Parou de responder;09/04/2025 15:46;1;;
Renewh;;;Vetado por decisão interna;10/03/2025 17:17;1;;
RESERVA Gourmet;;;Budget;12/03/2025 10:18;1;;
Saint Sanpe Sushi Delivery;;;Limpeza de Funil;09/05/2025 14:58;;;
Ilha;;Auto Atendimento - QR Code;Feature indisponível;25/03/2025 10:20;1;;
Casa Catarino;;;Limpeza de Funil;09/05/2025 14:58;;;
Impettus;;;Fechou com concorrente;06/06/2025 14:45;80;;
Super Rango;480;;Esta satisfeito com o sistema atual;18/06/2025 16:25;1;;
Mafelô;;;Fechou com concorrente;14/03/2025 11:10;1;;
Cidinha Bolos;;Emissão de DANFE / NF;Feature indisponível;20/03/2025 16:30;1;;
Pasteis Takeda;;;Não é prioridade;14/03/2025 11:05;5;;
Mania de Grelhados;;;Esta satisfeito com o sistema atual;19/06/2025 11:49;4;;
Lanchonete Hamburgão;;;Não é prioridade;18/03/2025 14:07;1;;
Mash Mash Burguer;;;Fechou com concorrente;19/03/2025 17:10;1;;
Ideal Light;;"Agendamento de pedidos / Encomendas;Controle de validade - Estoque;Relatório / Alerta estoque mínimo";Feature indisponível;19/06/2025 11:48;3;;
Rustic restobar;;;Vetado por decisão interna;20/03/2025 10:36;1;;
Lá no dom sanduíches especiais;;;Limpeza de Funil;09/05/2025 14:58;;;
A Bolaria;;;Limpeza de Funil;09/05/2025 14:58;;;
SushiAqui!;;;Limpeza de Funil;09/05/2025 14:58;;;
Rei da Chapa;;;Limpeza de Funil;09/05/2025 14:58;;;
Valioso Burguer;;;Limpeza de Funil;09/05/2025 14:58;;;
DISTRIBUIDORA DJUZAO;;;Limpeza de Funil;09/05/2025 14:58;;;
Deliciê Gourmet Doceria;;;Limpeza de Funil;09/05/2025 14:58;;;
Brooklyn Delivery;;;Limpeza de Funil;09/05/2025 14:58;;;
Brooklyn Burguer e Hotdog;;;Limpeza de Funil;09/05/2025 14:58;;;
VF DISTRIBUIDORA DE BEBIDAS E COMERCIO EM GERAL;;;Limpeza de Funil;09/05/2025 14:58;;;
Castelo dos Piratas;;;Limpeza de Funil;09/05/2025 14:58;;;
Kammoro's Portion House;;;Limpeza de Funil;09/05/2025 14:58;;;
JL Distribuidora De Bebidas;;;Limpeza de Funil;09/05/2025 14:58;;;
Santuário da Pamonha;;;Limpeza de Funil;09/05/2025 14:58;;;
Santa Marta Pizzas+;;;Não é prioridade;28/03/2025 08:31;3;;
Prime marmitaria Fit/Spalha sabor ;450;;Budget;14/05/2025 18:02;2;;
Massagueirinha Piranhas;;;Vetado por decisão interna;13/03/2025 16:26;1;;
vrrefeicoes.com.br;;;Parou de responder;26/03/2025 18:10;1;;
Super Mario lanches;;;Parou de responder;06/06/2025 14:46;1;;
Sabor Caseiro;;"Emissão de DANFE / NF;Smart POS PagBank";Feature indisponível;27/03/2025 14:20;2;;
Restaurante Dona Tereza;;;Budget;09/05/2025 11:20;1;;
O Pajé - culinaria à beira mar;480;;Parou de responder;20/05/2025 11:31;2;;
ML Foods;;;Limpeza de Funil;24/03/2025 16:54;2;;
 Fabio Burger;480;;Fechou com concorrente;28/03/2025 11:24;1;;
NutriSun;;;Faturamento abaixo da SLA;18/03/2025 16:17;1;;
Dom Helddr;;;Limpeza de Funil;27/10/2025 15:19;;;
Chef Paprika;450;;Budget;11/04/2025 18:07;1;;
Adelso Buffet e Restaurante;450;"Smart POS PagBank;Cardápio Digital;Auto Atendimento - QR Code;Agendamento de pedidos / Encomendas;Reserva de mesas;Emissão de DANFE / NF";Feature indisponível;09/07/2025 15:54;1;;
Estrada do Açaí e Burger;;Cardápio Digital;Feature indisponível;25/03/2025 14:16;1;;
Brasa & Cia Churrascaria;450;;Esta satisfeito com o sistema atual;14/04/2025 15:50;1;;
Maná pizzaria e bistrô;;;Parou de responder;09/05/2025 11:20;1;;
NO BARZINHO SPORT BAR LTDA;450;SmartPOS;Feature indisponível;11/04/2025 18:06;1;;
Vini Figueira;450;CRM - Disparo de campanha;Feature indisponível;09/05/2025 10:45;2;;
brotherd;480;;Parou de responder;06/06/2025 14:47;1;;
Madalena Hamburgueria Artesanal;;;Limpeza de Funil;09/05/2025 14:58;;;
Viva Pâtisserie;;;Parou de responder;09/05/2025 11:20;1;;
Erika;;;Limpeza de Funil;09/05/2025 14:58;;;
Rango de Planta;450;;Esta satisfeito com o sistema atual;07/04/2025 09:24;1;;
Negócio de Pedro Maduro;;Auto Atendimento - QR Code;Feature indisponível;03/04/2025 13:54;1;;
Chun-Li Food;;;Limpeza de Funil;09/05/2025 14:58;;;
Shadow Wolf Beer Spot;;;Esta satisfeito com o sistema atual;07/04/2025 09:13;1;;
Elas Vida leve;;;Budget;03/04/2025 13:51;1;;
Don Diovani Pizza Artesanal;;Integração;Feature indisponível;01/04/2025 12:00;2;;
Lgr;;;Não é prioridade;09/05/2025 10:42;2;;
Café com letras fernando de noronha;480;;Parou de responder;20/05/2025 11:29;1;;
RR Lanches;480;;Parou de responder;06/06/2025 14:48;7;;
Consagrado's - Brew Garden;;;Esta satisfeito com o sistema atual;07/05/2025 13:54;1;;
Macuna arte;;SmartPOS;Feature indisponível;31/03/2025 16:31;1;;
Ai Calica Burguer;;"Smart POS PagBank;Cardápio Digital;Robô de Whatsapp - pedidos";Fechou com concorrente;22/10/2025 10:50;1;;
Dona Chocólatra;;;Parou de responder;06/06/2025 14:49;1;;
Saj;;;Vetado por decisão interna;03/04/2025 13:50;6;;
Bendito Trigo;450;;Parou de responder;06/06/2025 14:49;1;;
Zenpo Japanese Food;;;Parou de responder;09/05/2025 11:14;1;;
Villa Premium;;;Esta satisfeito com o sistema atual;16/07/2025 18:28;1;;
Café Helene BH;;Auto Atendimento;Feature indisponível;11/04/2025 14:56;2;;
Prosa;;;Esta satisfeito com o sistema atual;30/09/2025 16:07;2;;
Dieta Prática;;Emissão de DANFE / NF;Feature indisponível;09/05/2025 10:40;1;;
Dom Quixote;480;;Budget;28/05/2025 11:47;1;;
JAPA BOX - Delivery Culinária Oriental;;;Budget;09/05/2025 11:11;2;;
NYS Coffee Shop;;CRM - Disparo de campanha;Feature indisponível;09/05/2025 10:39;1;;
Lanchão do Boss;;;Não é prioridade;09/05/2025 11:09;1;;
GuiGui Pizzas Mooca;;Auto Atendimento - QR Code;Feature indisponível;09/05/2025 11:07;1;;
Afethu Cosina;;;Budget;09/05/2025 11:06;3;;
Lar de Mainha;450;"Smart POS PagBank;Cardápio Digital;Relação Comanda x Mesa;Robô de Whatsapp - pedidos";Fechou com concorrente;26/05/2025 16:32;1;;
Recanto do queijo;;;Não é prioridade;09/05/2025 11:05;1;;
Mister Frango;450;;Esta satisfeito com o sistema atual;17/06/2025 15:55;1;;
Don aurelio;;"Totem;Auto Atendimento;Auto Atendimento - QR Code";Feature indisponível;06/06/2025 14:50;5;;
CH Food Park;450;;Parou de responder;30/06/2025 14:35;1;;
Cabana;;;Budget;03/06/2025 09:24;3;;
Alfredo'Ro e Forneria Alfredo'Ro;;"SmartPOS Balcão;Cardápio Digital;Auto Atendimento - QR Code;Fidelidade;Reserva de mesas;Integração;Emissão de DANFE / NF;Relação Comanda x Mesa;Controle de validade - Estoque;Transferencia de mercadoria entre lojas;DFC;Relatório / Alerta estoque mínimo;SmartPOS";Feature indisponível;26/05/2025 16:28;2;;
Padaria Toscana;450;;Não tem Restaurante;29/09/2025 12:07;1;;
Cantina Volpi;;Smart POS Cielo;Feature indisponível;16/07/2025 17:14;5;;
La Ursa;;;Não é prioridade;09/05/2025 11:01;1;;
Toque de Mar;;Emissão de DANFE / NF;Feature indisponível;09/05/2025 10:48;1;;
Moqueca Sergipana;;Smart POS GetNet;Feature indisponível;09/05/2025 10:59;1;;
Estação Grill;;;Não quis ouvir;29/05/2025 16:13;1;;
Trevos;;;Parou de responder;06/06/2025 14:55;1;;
Gardenbier;;;Sem contato;06/06/2025 14:55;1;;
Évora Gastronomia;;;Não é prioridade;06/06/2025 14:55;1;;
Arena beach bar;;;Limpeza de Funil;27/10/2025 15:19;;;
Macarrao da Hora;;"Cardápio Digital;Auto Atendimento - QR Code";Parou de responder;06/06/2025 14:54;1;;
Artesano cozinha;;;Não quis ouvir;06/06/2025 14:54;1;;
Mangata Gastronomia;;;Budget;03/06/2025 09:23;2;;
BRZ Fruits Açaí Puro da Amazônia;590;;Budget;16/07/2025 17:20;1;;
Sr. Grão Cafeteria;;;Não é prioridade;29/04/2025 14:44;3;;
Nhack - Sabores do Mundo;;;Parou de responder;06/06/2025 14:54;1;;
Massagueirinha Maragogi-AL;;;Parou de responder;22/10/2025 10:51;;;
Osteria;;;Limpeza de Funil;27/10/2025 15:19;;;
Bar e Cozinha Ponto Zero;;;Budget;09/05/2025 10:54;1;;
Explorer bar;450;;Esta satisfeito com o sistema atual;02/06/2025 15:03;1;;
Ô Açaí;;;Parou de responder;06/06/2025 14:53;3;;
Dghuts Grill e Pinwei;480;Modulo Financeiro Apartado;Feature indisponível;19/06/2025 11:19;4;;
Dicco;;;Limpeza de Funil;03/06/2025 09:26;1;;
Casa Premium Rotisserie & Cafe;450;;Não quis ouvir;02/06/2025 15:04;1;;
Quintal da tomy;;;Parou de responder;03/06/2025 09:22;1;;
Dona docitos ;;;Parou de responder;26/05/2025 16:57;1;;
Marapendi ECOLOUNGE;;"SmartPOS;Smart POS PagBank";Não é prioridade;06/06/2025 14:53;1;;
Carbonito;255;;Não é prioridade;29/09/2025 09:33;1;;
Feijão da Vila;;;Limpeza de Funil;27/10/2025 15:19;;;
Bari Pizza & Pasta - Centro;620;;Budget;16/07/2025 18:19;1;;
piratas hot dog;450;;Não é prioridade;05/06/2025 15:47;2;;
Nola Sistema;;;;12/05/2025 17:43;;;
super grill express;;"Senha Numérica;Relatório / Alerta estoque mínimo;Uso Offline";Feature indisponível;19/06/2025 10:27;11;;
Seu edson bar;;;Parou de responder;06/06/2025 14:31;2;;
Schornstein Shopping H;480;"SmartPOS Balcão;Auto Atendimento - QR Code";Feature indisponível;01/10/2025 15:21;2;;
Doces Martini;450;"Cardápio Digital;Agendamento de pedidos / Encomendas;Emissão de DANFE / NF;Pesquisa de Satisfação com Cliente;CRM - Disparo de campanha;Robô de Whatsapp - pedidos;Relatório / Alerta estoque mínimo;Integração";Feature indisponível;09/10/2025 10:31;1;;
Shiroiki - Flora Ville;;"Auto Atendimento;Fidelidade;Integração;Relação Comanda x Mesa;Controle de validade - Estoque;CRM - Disparo de campanha;DFC;Robô de Whatsapp - pedidos;Relatório / Alerta estoque mínimo";Feature indisponível;28/05/2025 16:55;2;;
Empório do bolo;480;;Não é prioridade;30/05/2025 15:05;1;;
Go Juice - Natural Food;;Fidelidade;Feature indisponível;03/06/2025 09:27;1;;
Meraki pizzaria;;;Parou de responder;26/05/2025 16:52;2;;
Boss hamburgueria;;;Fechou com concorrente;27/05/2025 10:43;1;;
Bebedouro;;;Esta satisfeito com o sistema atual;05/06/2025 15:49;2;;
Flutuante Restaurante;;"Smart POS Cielo;Integração;Controle de validade - Estoque;Relatório / Alerta estoque mínimo";Feature indisponível;26/05/2025 11:16;2;;
Delícias da Naty;;;Esta satisfeito com o sistema atual;22/10/2025 10:55;1;;
Suspire Doceria;590;"Controle de validade - Estoque;Relatório / Alerta estoque mínimo";Feature indisponível;03/06/2025 08:51;1;;
Caule Cozinha Saudável;;;Budget;06/06/2025 14:30;1;;
Don crepe gourmet;;;Parou de responder;06/06/2025 14:29;2;;
N1 Chicken Cuiabá;;;Já é Cliente;13/06/2025 12:36;;;
N1 Chicken;;;Já é Cliente;13/06/2025 12:36;;;
Dom Guilherme;480;;Fechou com concorrente;17/06/2025 15:20;1;;
Fraters Pub;450;;Parou de responder;09/10/2025 10:32;1;;
Salgado Docinho;480;;Não é prioridade;29/09/2025 12:26;1;;
Delicioca;;;Fidelidade com outro sistema;19/06/2025 10:06;1;;
Empório Souza ;620;;Fechou com concorrente;16/07/2025 17:37;1;;
Coco Pimenta;;;Parou de responder;09/10/2025 10:32;1;;
Made By Nina;480;;Fechou com concorrente;18/06/2025 16:37;1;;
La Cuccina;480;;Fechou com concorrente;03/07/2025 10:37;1;;
Zimmerblaubc;;;Limpeza de Funil;27/10/2025 15:19;;;
Restaurante Sabor de Lá ;400;;Não é prioridade;19/06/2025 09:57;1;;
Caxanga restaurante;480;;Esta satisfeito com o sistema atual;09/10/2025 10:11;1;;
Milazzo Contemporaneo LTDA;540;;Parou de responder;22/10/2025 10:56;1;;
lanchonetes lual lanches;;;Fechou com concorrente;02/10/2025 12:05;4;;
Alfredo'Ro;450;"Calculadora de Precificação;Emissão de DANFE / NF;Relação Comanda x Mesa;CRM - Disparo de campanha;Transferencia de mercadoria entre lojas;Relatório / Alerta estoque mínimo;Modulo Financeiro Apartado";Feature indisponível;16/06/2025 10:23;1;;
Mister sushi;;;Esta satisfeito com o sistema atual;18/06/2025 16:54;1;;
Lindi Petiscaria Japonesa;450;"Relatório Motoboy Impresso;Integração";Feature indisponível;16/07/2025 17:39;1;;
ar rest;;;Não tem Restaurante;16/06/2025 14:55;1;;
Cafeteria Selo Verde;380;;Parou de responder;05/11/2025 16:55;1;;
hard chopp 2;530;;Fechou com concorrente;27/10/2025 17:27;;;
Os Girassois Restaurante;;;Integração com outras plataformas;01/07/2025 17:04;1;;
Pão do Paulo Padaria Artesanal;450;;Não é prioridade;19/06/2025 09:39;1;;
Dopo Pizzaria;400;"Integração;SmartPOS";Feature indisponível;29/07/2025 09:55;1;;
Maria Beijinho;;Uso Offline;Feature indisponível;17/06/2025 16:32;1;;
M&G;;;Não quis ouvir;30/09/2025 15:23;1;;
Cervejaria LF;450;Emissão de DANFE / NF;Feature indisponível;09/07/2025 15:55;1;;
jkr;;Smart POS PagBank;Feature indisponível;01/07/2025 17:00;3;;
O Sertão Vai Virar Mar;;;Processos internos não adaptáveis;23/06/2025 09:32;2;;
Restaurante Rancho Jatobá;400;;Budget;03/07/2025 10:24;1;;
Pizzaria Bau do Tesouro;450;;Parou de responder;30/06/2025 13:46;1;;
Pizzaria Bau do Tesouro - Novo(a) Deal;450;;Negócio em Duplicidade;23/06/2025 09:31;;;
A venda restaurante;450;;Parou de responder;01/07/2025 09:35;1;;
A venda restaurante - Novo(a) Deal;450;;Negócio em Duplicidade;23/06/2025 09:31;;;
Melhor pudim da vida;450;;Parou de responder;07/07/2025 09:46;2;;
Familia Presto;450;;Fidelidade com outro sistema;30/09/2025 15:27;2;;
Villare Pizzaria;450;;Esta satisfeito com o sistema atual;17/07/2025 18:46;2;;
Projeto Spettos;450;;Esta satisfeito com o sistema atual;16/07/2025 17:51;2;;
Da Família Restaurante;450;;Parou de responder;30/09/2025 15:28;1;;
The familys;450;;Parou de responder;01/07/2025 09:29;1;;
Summer Beach Party;;;Budget;24/06/2025 13:47;1;;
Quintal de casa Bistrô;450;;Vetado por decisão interna;27/06/2025 11:39;1;;
Magazzino di Carol;450;;Parou de responder;07/07/2025 09:43;1;;
Oca wine;450;;Esta satisfeito com o sistema atual;30/06/2025 13:50;3;;
Ramai;450;Auto Atendimento - QR Code;Feature indisponível;03/07/2025 10:48;1;;
Florescer bistrô;;;Budget;25/06/2025 16:58;1;;
Famiglia Gasperin Pizzaria;550;;Fechou com concorrente;06/11/2025 15:46;1;;
La Bella Arte & Gastronomia;450;;Não é prioridade;03/07/2025 10:49;1;;
Quintal do Chef;;;Parou de responder;27/10/2025 17:30;1;;
Bodega do mestre;450;;Parou de responder;14/07/2025 11:05;1;;
R R R refeições;;;Limpeza de Funil;27/10/2025 15:19;;;
Mundi Batataria;;;Budget;30/06/2025 13:41;4;;
Mississippi Delta Blues Bar RJ;390;;Não é prioridade;01/09/2025 14:46;1;;
Cabernet Butiquim;50;;Já é Cliente;24/09/2025 12:14;2;;
Fundação Oswaldo Cruz;;;Budget;01/07/2025 16:58;2;;
Pinella;;Relação Comanda x Mesa;Feature indisponível;01/07/2025 16:58;1;;
Armazém da Pizza;;;Budget;01/07/2025 16:57;1;;
Cheirin Bão;;;Não tem Restaurante;01/07/2025 16:56;1;;
Quintalia;;Auto Atendimento - QR Code;Feature indisponível;01/07/2025 16:55;1;;
Boteco do pinguim;;;Budget;01/07/2025 17:08;3;;
Eu amo japa - Toktok burgee;500;;Parou de responder;24/09/2025 12:13;3;;
Tia Tatá Ponto de Alimentação;;;Budget;14/07/2025 09:15;1;;
Tasquinha pão puro;450;;Não é Restaurante;16/07/2025 16:30;1;;
Skina’s;;;Parou de responder;27/10/2025 17:31;1;;
Ana Lucia Finanças;500;;Não é prioridade;27/10/2025 12:02;3;;
Pizzaria Castelo Dellmonte ;450;;Fechou com concorrente;16/07/2025 16:29;1;;
Dona nica boteco;450;;Parou de responder;24/07/2025 13:13;1;;
LUG'S - Shopping Park Lagos;450;;Budget;01/09/2025 14:46;1;;
Vitaminaria;450;;Parou de responder;21/07/2025 14:51;3;;
Zuccherata Gourmet;450;;Não é Restaurante;14/07/2025 11:28;1;;
Pastificio Primo;;;Integração com outras plataformas;01/09/2025 14:53;1;;
Restaurante Lá em Casa Lins;530;Balança;Esta satisfeito com o sistema atual;13/10/2025 16:46;1;;
Revoada Beer;500;;Parou de responder;19/01/2026 12:09;3;;
Churras Grego Cwb;450;;Parou de responder;16/07/2025 16:27;1;;
PATRÓN ARGENTINO - SMASH BURGER;;;Esta satisfeito com o sistema atual;16/07/2025 17:55;1;;
UROCK;450;;Não é Restaurante;29/07/2025 11:09;1;;
Grupo haro;400;;Processos internos não adaptáveis;24/09/2025 12:22;45;;
Sensacao acai e sorvetes;500;;Parou de responder;27/10/2025 17:43;3;;
Ideia Saudavel;450;;Não é prioridade;29/07/2025 11:09;1;;
Divino Bistrô Comercio de Alinentos Ltda;;;Budget;14/07/2025 09:14;1;;
Araca Lanches;;;Budget;01/09/2025 14:52;1;;
Dacai Ssucos;;;Limpeza de Funil;27/10/2025 15:19;;;
Bem food;450;;Budget;21/07/2025 14:53;1;;
Restaurante Lilica;1600;;Fechou com concorrente;21/07/2025 14:53;4;;
Luigi Ibes- Ilha das Caieiras;;;Esta satisfeito com o sistema atual;16/07/2025 15:23;3;;
Emporio Fazendinha;450;;Processos internos não adaptáveis;23/07/2025 11:11;1;;
Sorveteria Luigi Ibes;;"Smart POS Cielo;Balança";Feature indisponível;23/07/2025 15:27;5;;
Grupo Lamoia;;;Vetado por decisão interna;23/07/2025 09:01;100;;
Milk Shake Mix Pier21;450;;Parou de responder;23/07/2025 11:10;3;;
ninos pizzaria;480;;Parou de responder;24/09/2025 08:39;1;;
Docejo;500;;Parou de responder;27/10/2025 17:45;3;;
Adega Mombaça;;;Budget;22/07/2025 16:18;1;;
Fino Paladar;400;;Parou de responder;05/11/2025 17:01;1;;
Marschal sucos eireli;;;Não é prioridade;05/11/2025 17:03;2;;
Day's burguer;500;;Não é prioridade;15/09/2025 17:33;1;;
Fritados;;;Limpeza de Funil;27/10/2025 15:19;1;;
Brasa forte costelaria e restaurante (Costelão);400;;Fechou com concorrente;12/08/2025 15:44;1;;
Villa da Pizza;500;;Esta satisfeito com o sistema atual;13/08/2025 14:43;1;;
Pizzaria Vanucci;500;;Budget;01/09/2025 14:46;1;;
Flash smash Uruacu;;;Vetado por decisão interna;25/07/2025 10:06;1;;
giselle de france;400;;Fechou com concorrente;14/08/2025 09:05;4;;
Bela Grecia;;;Já é Cliente;23/07/2025 16:12;;;
Casa Camolese;;;Já é Cliente;24/09/2025 14:59;1;;
Sabor d'casa;450;;Budget;28/07/2025 11:32;1;;
Feijoada Lá De Casa;450;;Esta satisfeito com o sistema atual;13/10/2025 09:48;2;;
Planet food;450;;Esta satisfeito com o sistema atual;19/11/2025 17:34;1;;
Cozinha Urbana Macaé;450;Balança;Parou de responder;03/12/2025 16:39;1;;
One two three;450;"Auto Atendimento - QR Code;Totem";Feature indisponível;28/07/2025 10:44;1;;
Lanche.Co;;"Auto Atendimento - QR Code;Auto Atendimento;Totem";Feature indisponível;01/09/2025 14:52;1;;
Luma's Burguer;;"Relatório Motoboy Impresso;CRM - Disparo de campanha";Feature indisponível;29/07/2025 17:49;1;;
Pizza planet;;;Parou de responder;01/09/2025 14:51;1;;
Portal 51 tabacaria e conveniência;;;Limpeza de Funil;27/10/2025 15:19;;;
Arrais pizza;450;;Parou de responder;04/08/2025 15:19;2;;
Restaurante e Buffet Sabor na Mesa;;;Limpeza de Funil;27/10/2025 15:19;;;
Jamon's na Brasa;400;;Fechou com concorrente;26/11/2025 10:02;21;;
Homeart;;;Limpeza de Funil;27/10/2025 15:19;;;
Panda lanches;;;Budget;01/09/2025 14:51;1;;
B4P Design;;;Limpeza de Funil;27/10/2025 15:19;;;
Real gelateria;450;;Parou de responder;01/09/2025 14:45;1;;
Bon Gout;;;Budget;12/08/2025 14:55;1;;
Nativus Açaí;;;Limpeza de Funil;27/10/2025 15:19;;;
Binus Gastrobar;450;;Budget;01/09/2025 14:44;1;;
La campana tratto  Casa da lasanha;450;;Não é prioridade;01/09/2025 14:53;2;;
Valença Contabilidade;;;Limpeza de Funil;27/10/2025 15:19;;;
Filó;;;Budget;01/09/2025 14:51;1;;
In Padaria;;;Não é prioridade;01/09/2025 14:50;1;;
Crepefy Itajaí Shopping;;;Não quis ouvir;13/10/2025 09:39;1;;
Kebab Tijuca;450;;Já é Cliente;15/08/2025 16:28;1;;
Mara Grill;;;Parou de responder;27/10/2025 17:55;1;;
Avodah Cafés Especiais;;;Parou de responder;10/11/2025 16:51;1;;
MA Doceria;450;;Esta satisfeito com o sistema atual;30/09/2025 16:46;2;;
Avodah Cafés Especiais;;;Parou de responder;01/09/2025 14:50;1;;
Bake - Cozinha Vegana;;;Limpeza de Funil;27/10/2025 15:19;;;
Miró Massas;;;Limpeza de Funil;27/10/2025 15:19;;;
Restaurante mana do forte;;;Limpeza de Funil;27/10/2025 15:19;1;;
Cantinho do sabor;;;Limpeza de Funil;27/10/2025 15:19;;;
MDuarte;;;Limpeza de Funil;27/10/2025 15:19;;;
Petite;;"Integração;Relatório / Alerta estoque mínimo";Feature indisponível;30/09/2025 16:34;1;;
Santa Clara petiscaria e choperia;;;Limpeza de Funil;27/10/2025 15:19;;;
Pizzaria Sabor de Minas;;;Limpeza de Funil;27/10/2025 15:19;1;;
Flash Smash;;;Parou de responder;03/11/2025 11:21;3;;
Amu sushi;450;;Parou de responder;03/11/2025 11:16;1;;
Yate club;;;Vetado por decisão interna;01/09/2025 14:49;1;;
Burger's Fire;;;Limpeza de Funil;27/10/2025 15:19;;;
Lopes Assados;400;;Fechou com concorrente;30/09/2025 16:55;1;;
Forno a Lenha;;;Limpeza de Funil;27/10/2025 15:19;1;;
Be Lowcarb;;;Esta satisfeito com o sistema atual;13/10/2025 09:34;1;;
PedroPan - Pizzaria;450;;Parou de responder;03/11/2025 11:17;1;;
Cachaça & Restaurante Itajoana;;Uso Offline;Limpeza de Funil;27/10/2025 15:19;1;;
Sertão Adentro;450;"Smart POS Pagseguro;Auto Atendimento - QR Code;Pesquisa de Satisfação com Cliente;CRM - Disparo de campanha;Robô de Whatsapp - pedidos";Feature indisponível;08/09/2025 09:56;1;;
Pizzaria Dezesseis 00;400;"SmartPOS Balcão;Relação Comanda x Mesa";Feature indisponível;02/10/2025 10:00;2;;
Tempero de Casa;400;;Budget;03/11/2025 11:17;1;;
Studio Sunset;;;Limpeza de Funil;27/10/2025 15:19;;;
Tili Pizzaria;;;Budget;03/11/2025 11:21;1;;
Frutah!;;;Budget;03/11/2025 11:21;4;;
Roça;;;Faturamento abaixo da SLA;03/11/2025 11:22;1;;
Marechal Sanduicheria;400;"Integração;Impressão em etiqueta";Feature indisponível;02/10/2025 10:54;1;;
Poke do Japa;400;;Parou de responder;13/10/2025 09:33;1;;
A Lenha Pizzaria Torres;450;;Esta satisfeito com o sistema atual;13/10/2025 17:19;1;;
Pastel Believer;;;Parou de responder;03/11/2025 11:22;1;;
Pastel;;;Limpeza de Funil;27/10/2025 15:19;;;
Coqueiro Verde;400;"Smart POS Cielo;Auto Atendimento - QR Code;Calculadora de Precificação;Emissão de DANFE / NF;Uso Offline;Transferencia de mercadoria entre lojas;Robô de Whatsapp - pedidos";Feature indisponível;11/09/2025 09:18;2;;
Prefeitura de Campo Grande-MS;;;Limpeza de Funil;27/10/2025 15:19;;;
Stadios burguer;;;Limpeza de Funil;27/10/2025 15:19;;;
Slow Coffee;370;;Budget;26/09/2025 10:04;1;;
Resenha II;450;;Não é prioridade;09/10/2025 10:25;2;;
Pizzaria Don Raffaele;400;;Parou de responder;23/12/2025 16:58;1;;
Nonna Briggi;400;;Budget;08/10/2025 17:08;1;;
Canoas Praia Restaurante;;;Limpeza de Funil;27/10/2025 15:19;;;
Ramos Bar e Restaurante Ltda;;;Limpeza de Funil;27/10/2025 15:19;;;
Pastrella;450;;Parou de responder;27/10/2025 18:01;1;;
costeiro bar;400;"Auto Atendimento - QR Code;Calculadora de Precificação;Relação Comanda x Mesa;Controle de validade - Estoque;Robô de Whatsapp - pedidos;Relatório / Alerta estoque mínimo";Feature indisponível;08/10/2025 17:12;1;;
Galiotto;;;Limpeza de Funil;27/10/2025 15:19;;;
Fátima e Lara lanches delivery;;;Limpeza de Funil;27/10/2025 15:19;;;
Própan Padaria e confeitaria;;;Limpeza de Funil;27/10/2025 15:19;;;
Churrascaria Nativas Grill Brasília;;;Limpeza de Funil;27/10/2025 15:19;;;
Ayô Gastronomia;;;Limpeza de Funil;27/10/2025 15:19;;;
Gerente;;;Limpeza de Funil;27/10/2025 15:19;;;
Chef;;;Limpeza de Funil;27/10/2025 15:19;;;
Todos os Vinhos Ltda;;;Limpeza de Funil;27/10/2025 15:19;;;
Jhoseph Lucas matos paiva;;;Limpeza de Funil;27/10/2025 15:19;;;
Riversides;400;Uso Offline;Feature indisponível;08/10/2025 17:31;3;;
Restaurante Floripa Grill;450;;Parou de responder;08/10/2025 17:07;1;;
Supermercado Zona Sul;;;Limpeza de Funil;27/10/2025 15:19;;;
Carne de sol Parrilla bar e restaurante;;;Limpeza de Funil;27/10/2025 15:19;;;
SeuJão;;;Budget;03/11/2025 11:22;1;;
Restaurante chopp beer;;;Limpeza de Funil;27/10/2025 15:19;;;
Catarina sushi delivery;;;Limpeza de Funil;27/10/2025 15:19;;;
Nossa Casa Restaurante;;;Limpeza de Funil;27/10/2025 15:19;;;
Trabalho na empresa R.p.e;;;Limpeza de Funil;27/10/2025 15:19;;;
Big Lanches;;;Limpeza de Funil;27/10/2025 15:19;;;
Misoya;;;Não é prioridade;01/10/2025 15:16;1;;
Confeitaria Martha;;;Limpeza de Funil;27/10/2025 15:19;;;
Hot Dog do Nata;;;Limpeza de Funil;27/10/2025 15:19;;;
CAD;;;Limpeza de Funil;27/10/2025 15:19;;;
Oaks bar;;;Limpeza de Funil;27/10/2025 15:19;;;
O Leleko;;;Limpeza de Funil;27/10/2025 15:19;;;
La Macelleria;;;Budget;03/10/2025 14:32;2;;
Vila Sabor Restaurante;450;"Balança;Leitor código de barras;Relação Comanda x Mesa";Não é prioridade;13/10/2025 17:14;1;;
Ohana Guede's;;;Fechou com concorrente;02/10/2025 10:32;1;;
Golden;;;Limpeza de Funil;27/10/2025 15:19;;;
Don Burgone/Gamadon;299;;Vetado por decisão interna;23/01/2026 11:17;;;
Barriga sport bar;380;"Smart POS PagBank;SmartPOS Balcão;Auto Atendimento - QR Code;Leitor código de barras;Relação Comanda x Mesa;ticket / ficha";Feature indisponível;08/12/2025 15:00;1;;
Mistura Misturado;;;Budget;03/10/2025 14:31;1;;
Espetonabrasa;;;Limpeza de Funil;27/10/2025 15:19;;;
Bar das Meninas;400;"Smart POS PagBank;Calculadora de Precificação;Emissão de DANFE / NF";Feature indisponível;26/09/2025 11:19;1;;
Travaina Consultoria Empresarial;;;Limpeza de Funil;27/10/2025 15:19;;;
Mineiro Delivery;;;Budget;03/10/2025 14:31;1;;
Buteco do Rei;;;Limpeza de Funil;27/10/2025 15:19;;;
pizzaria billy;;;Limpeza de Funil;27/10/2025 15:19;;;
Adventury eventos;;;Limpeza de Funil;27/10/2025 15:19;;;
Deckbeer;380;;Parou de responder;05/11/2025 17:20;1;;
Café Dona Moça;;;Não é Restaurante;13/10/2025 17:11;1;;
Marmitaria Gourmet Tempero Bom;;;Limpeza de Funil;27/10/2025 15:19;;;
Patrícia Menezes;;;Limpeza de Funil;27/10/2025 15:19;;;
DAS EIS - Sorvetes Gourmet;;;Limpeza de Funil;27/10/2025 15:19;;;
Farinha e Azeite;;;Limpeza de Funil;27/10/2025 15:19;;;
Quintal de Vó;;;Parou de responder;10/11/2025 16:55;1;;
Restaurante Pimenta Dedo de Moça;;;Limpeza de Funil;27/10/2025 15:19;;;
Restaurante Água na Boca;;;Limpeza de Funil;27/10/2025 15:19;;;
Flat vidual do porto Fernando de Noronha;;;Limpeza de Funil;27/10/2025 15:19;;;
Churrasco do Cachamorra;400;;Budget;02/10/2025 11:56;1;;
Granro hamburgueira;;;Limpeza de Funil;27/10/2025 15:19;;;
Julianacakess;;;Limpeza de Funil;27/10/2025 15:19;;;
Geovany Carneiro;;;Esta satisfeito com o sistema atual;03/11/2025 11:25;1;;
Gui lanches;;;Limpeza de Funil;27/10/2025 15:19;;;
Restaurante aconchego;;;Limpeza de Funil;27/10/2025 15:19;;;
Pontal Náutico do Manso;;;Budget;03/11/2025 11:25;1;;
Dos Guris lanches;;;Limpeza de Funil;27/10/2025 15:19;1;;
AM Palmito e Cia;;;Limpeza de Funil;27/10/2025 15:19;;;
Voipper Vila Olimpia;;;Limpeza de Funil;27/10/2025 15:19;;;
Cozinha Garfo de Prata;;;Limpeza de Funil;27/10/2025 15:19;;;
Magalhaes Tavares de Oliveira Consultores;;;Limpeza de Funil;27/10/2025 15:19;;;
Cantina caseira de Minas;;;Limpeza de Funil;27/10/2025 15:19;;;
Espaço Gourmet;;;Limpeza de Funil;27/10/2025 15:19;;;
Delícias da Gi;;;Limpeza de Funil;27/10/2025 15:19;;;
Brasil Natura;;;Limpeza de Funil;27/10/2025 15:19;;;
SANTA PAELLA;;;Limpeza de Funil;27/10/2025 15:19;1;;
Papaléguas refeições;;;Budget;03/11/2025 11:25;1;;
Aceburgers;;;Limpeza de Funil;27/10/2025 15:19;1;;
Minuttos Delivery Premium;400;;Parou de responder;04/12/2025 09:32;1;;
Pizza Hut;;;Limpeza de Funil;27/10/2025 15:19;;;
Pitombeira2017;;;Limpeza de Funil;27/10/2025 15:19;;;
Mdnis alimentos;;;Limpeza de Funil;27/10/2025 15:19;;;
Fumaça Mineira;;;Limpeza de Funil;27/10/2025 15:19;;;
Torresmo do Mineiro;;;Limpeza de Funil;27/10/2025 15:19;;;
Grimpa burguer;;;Limpeza de Funil;27/10/2025 15:19;1;;
Quintal gourmet;;;Limpeza de Funil;27/10/2025 15:19;;;
Baribe;;;Limpeza de Funil;27/10/2025 15:19;;;
R.Casér Ateliê;;;Limpeza de Funil;27/10/2025 15:19;;;
S-3 Marmitaria e Petiscaria;;;Limpeza de Funil;27/10/2025 15:19;;;
Rancho do sabor;;;Limpeza de Funil;27/10/2025 15:19;;;
Pastelaria da maria;;;Limpeza de Funil;27/10/2025 15:19;;;
Pastelaria do Vô Zé;;"Auto Atendimento;Controle de validade - Estoque;Relatório / Alerta estoque mínimo";Feature indisponível;09/10/2025 10:22;2;;
Bella Doceria;;;Limpeza de Funil;27/10/2025 15:19;;;
Ohana drinks house;550;;Esta satisfeito com o sistema atual;27/10/2025 18:12;1;;
Obelisco Choperia e Petiscaria;;;Budget;09/10/2025 14:52;1;;
Robert Pizzaria;420;;Não é prioridade;27/10/2025 18:13;1;;
Aurora Pâtisserie;;;Limpeza de Funil;27/10/2025 15:19;;;
Pub Marias Bonitas;;;Limpeza de Funil;27/10/2025 15:19;;;
Balneário Igarapé Grande;;;Budget;10/11/2025 16:55;1;;
Smolk burger;;;Parou de responder;03/11/2025 11:26;1;;
Bodega do Zé;400;;Budget;20/10/2025 10:34;2;;
Eu157;;;Limpeza de Funil;27/10/2025 15:19;;;
Delícias da Nanda;450;;Parou de responder;05/11/2025 17:24;1;;
Gendai;;;Vetado por decisão interna;16/10/2025 10:25;5;;
Jeremias arte bar;450;"Controle de validade - Estoque;Relatório / Alerta estoque mínimo";Parou de responder;21/01/2026 16:40;1;;
Badá Cheesecakes;;;Limpeza de Funil;27/10/2025 15:19;1;;
Acabana;;;Parou de responder;02/12/2025 10:30;1;;
Magnatas Grill;380;;Budget;02/12/2025 10:32;1;;
DoCão;420;"Smart POS Cielo;Auto Atendimento - QR Code";Fechou com concorrente;04/11/2025 16:00;1;;
Pizzaria Parrô Piabetá;;;Parou de responder;02/12/2025 10:30;1;;
Bar da Cleide;380;;Parou de responder;05/11/2025 17:25;1;;
Rancho gastronômico;;;Esta satisfeito com o sistema atual;23/10/2025 08:57;1;;
Aromen Von Blumenau;500;;Parou de responder;04/12/2025 09:32;1;;
Love In A Box;;;Budget;02/12/2025 10:28;1;;
Tempero de Mainha;450;;Não é prioridade;30/10/2025 10:45;1;;
M restaurnete Ltda (Ezza e Oshi);650;;Fechou com concorrente;27/10/2025 11:18;;;
fogão a lenha;;;Parou de responder;05/11/2025 17:28;1;;
Taberna;;;Não é Restaurante;23/10/2025 15:50;3;;
Bardana Natural;450;Balança;Feature indisponível;04/12/2025 09:33;2;;
Grupo Mono;450;;Parou de responder;08/12/2025 15:09;;;
Emoriô;;;Budget;24/10/2025 11:30;1;;
The Three ;420;;Fechou com concorrente;18/12/2025 17:02;1;;
Acarajazz;400;;Não é prioridade;21/11/2025 11:31;1;;
Castro Burger;400;;Não é prioridade;21/11/2025 11:47;1;;
SG consultoria;400;;Não é prioridade;21/11/2025 11:31;;;
I love Pará;350;;Budget;02/12/2025 10:32;1;;
Camila Boarro Confeitaria;;;Budget;10/11/2025 17:05;1;;
Bendito Prato;400;;Budget;02/12/2025 10:32;1;;
Vila Alternativa;;;Fechou com concorrente;10/11/2025 17:56;1;;
Braseiro;380;;Parou de responder;18/12/2025 16:24;1;;
Cantinho da Coxinha;;;Budget;02/12/2025 10:27;1;;
Adriana Nunes;;;Não é prioridade;02/12/2025 10:27;1;;
eai açai;;;Parou de responder;02/12/2025 10:27;1;;
Boteco do juca;;;Budget;02/12/2025 10:26;1;;
Reg Burger e Beer;;;Parou de responder;16/11/2025 21:30;1;;
HellermannTyton;;;Budget;11/11/2025 10:24;1;;
Açaí expresso;;;Parou de responder;18/12/2025 16:17;1;;
Papo Reto Hamburgueria;400;;Negócio em Duplicidade;02/12/2025 10:31;1;;
CPF Burger;;;Budget;12/11/2025 10:40;1;;
Pátria Burger;;;Não é prioridade;04/12/2025 09:37;1;;
KazuShi Food;;;Budget;13/11/2025 17:03;1;;
Assaí Restaurante e Pizzaria;550;;Não é prioridade;08/12/2025 08:29;1;;
Restaurante Colher de pau;;"Balança;Integração";Feature indisponível;26/11/2025 09:59;1;;
Padaria Don'ana;550;"Balança;Fidelidade;Leitor código de barras;Emissão de DANFE / NF;Pesquisa de Satisfação com Cliente";Feature indisponível;02/12/2025 15:04;1;;
Brasa Grill hamburgueria;400;;Fechou com concorrente;14/01/2026 16:13;1;;
Ubá Bistrô;;;Fechou com concorrente;26/11/2025 09:57;1;;
567 Juazeiro;;;Parou de responder;23/12/2025 09:59;1;;
Taberna;450;;Não é prioridade;03/12/2025 19:32;4;;
Tavolo Ristoranti;400;;Fechou com concorrente;06/01/2026 17:34;1;;
D+ chicken frito;;"SmartPOS Balcão;Cardápio Digital;Auto Atendimento;Totem;Calculadora de Precificação;Integração;Robô de Whatsapp - pedidos;Modulo Estoque Apartado;Modulo Financeiro Apartado;SmartPOS";Feature indisponível;28/11/2025 15:45;1;;
NBA burguer;;;Budget;28/11/2025 16:14;2;;
Coliseu Park;;;Feature indisponível;28/11/2025 16:15;1;;
Luau das montanhas;;;Faturamento abaixo da SLA;28/11/2025 16:47;1;;
armazém belém;;;Parou de responder;23/12/2025 09:59;2;;
Restaurante Empório 26;;;Fechou com concorrente;23/12/2025 10:00;1;;
Bar da Língua;;Relação Comanda x Mesa;Feature indisponível;18/12/2025 16:16;3;;
Carlos Delivery;500;;Fechou com concorrente;18/12/2025 16:18;1;;
Dona Carmela;;"Auto Atendimento - QR Code;Auto Atendimento";Feature indisponível;06/01/2026 17:32;1;;
Restaurante Refugio;500;Balança;Esta satisfeito com o sistema atual;05/12/2025 10:25;1;;
Maria's Doux Restaurante e Doceria;550;"Smart POS Cielo;Auto Atendimento;Auto Atendimento - QR Code;Balança;Relação Comanda x Mesa";Feature indisponível;18/12/2025 16:18;1;;
Mr. Bowls;600;Auto Atendimento - QR Code;Feature indisponível;06/01/2026 17:33;1;;
Zanzibar Espetaria;;Auto Atendimento - QR Code;Feature indisponível;12/12/2025 10:18;1;;
Restaurante Tembi'u Porã;400;;Parou de responder;21/01/2026 17:07;1;;
Salsa Gastronomia;550;;Parou de responder;21/01/2026 17:11;1;;
Zezão Restaurante;480;Balança;Parou de responder;21/01/2026 17:06;1;;
Shizuoka Restaurante Japonês;;"Modulo Estoque Apartado;Modulo Financeiro Apartado";Feature indisponível;23/12/2025 16:49;1;;
Sarimã café;450;;Não é prioridade;27/01/2026 08:56;1;;
Patriota Emporio & Gastronomia;450;;Parou de responder;21/01/2026 17:08;1;;
Restaurante Silvinho;;"Balança;Catraca";Feature indisponível;06/01/2026 17:02;1;;
Restaurante Tabatem;;;Esta satisfeito com o sistema atual;23/01/2026 11:47;1;;
ESFIHARIA DOS VIEIRAS;;;Parou de responder;26/01/2026 14:19;1;;
Marcos lanches;;"Relação Comanda x Mesa;Fidelidade;Leitor código de barras;Auto Atendimento - QR Code;SmartPOS";Feature indisponível;08/01/2026 11:40;1;;
INÁ - Botafogo;450;;Vetado por decisão interna;15/01/2026 17:57;2;;
Pizzaria Veneza;;;Feature indisponível;23/01/2026 11:50;1;;
Masano Trattoria;;;Esta satisfeito com o sistema atual;27/01/2026 08:57;1;;
Grotta Charcutaria;450;;Não é prioridade;23/01/2026 11:53;1;;
Gabriel Barreto;550;Smart POS PagBank;Parou de responder;21/01/2026 17:10;1;;
JL Caldos e Petiscos;;;Budget;14/01/2026 10:03;1;;
Estúdio ETT;;Smart POS PagBank;Feature indisponível;27/01/2026 08:57;1;;
Luma Food;380;;Já é Cliente;21/01/2026 16:39;;;
Nova Opção Barueri Pizzaria e Restaurante;;;Fechou com concorrente;06/02/2026 16:11;1;;
Sabor e Saúde ;380;;Budget;28/01/2026 08:56;3;;
Cafeteria Royal Rio ;400;;Não é prioridade;23/01/2026 11:26;1;;
Bravo Sushi;450;;Não é prioridade;09/02/2026 16:54;2;;
LANCHONETE E RESTAURANTE VICTORIA;380;;Budget;28/01/2026 08:55;;;
Simao & Soratto;380;;Budget;28/01/2026 08:55;;;
Kebab Copa;250;;Não é prioridade;05/02/2026 09:01;;;
Bravo Pizza;450;;Vetado por decisão interna;15/01/2026 17:59;2;;
Espeto do chero;480;;Não é prioridade;04/02/2026 16:06;1;;
Dom Pedro Sorvetes;;;Budget;27/01/2026 08:57;1;;
Dogão do Jorge;;;Integração com outras plataformas;23/01/2026 11:40;1;;
Dhione Smanioto;;;Não é prioridade;23/01/2026 11:39;1;;
Restaurante Tiquatirão;480;"Auto Atendimento;Auto Atendimento - QR Code";Fechou com concorrente;09/02/2026 16:53;1;;
Bokas;;;Integração com outras plataformas;27/01/2026 10:24;5;;
Arte Paulistana;450;;Parou de responder;20/02/2026 16:27;1;;
Papaletutte;480;;Esta satisfeito com o sistema atual;26/01/2026 14:12;1;;
Old town;480;SmartPOS;Esta satisfeito com o sistema atual;26/01/2026 13:57;1;;
El fara;480;"Smart POS PagBank;Integração;Uso Offline";Não é prioridade;04/02/2026 17:32;1;;
Regio Dias;;;Não é prioridade;02/03/2026 11:05;1;;
Tatiane Joaquim;;;Faturamento abaixo da SLA;23/01/2026 11:35;1;;
MM I (Sabor é vida);380;;Vetado por decisão interna;22/01/2026 23:44;4;;
MM II (Sabor é vida);380;;Vetado por decisão interna;22/01/2026 23:44;4;;
MM III (Sabor é vida);380;;Vetado por decisão interna;22/01/2026 23:44;4;;
NAGAHASHI ASIAN FOOD;;;Budget;02/02/2026 18:46;1;;
Pizzaria Barrufi;;;Budget;02/03/2026 11:09;1;;
Lá dá Torta;;;Budget;20/02/2026 16:26;1;;
Juliana Silveira;;;Não tem Restaurante;03/02/2026 17:19;1;;
Pizza do Barra;;Relatório Motoboy Impresso;Budget;20/02/2026 16:27;3;;
Cantinho Doce;480;Integração;Fechou com concorrente;03/03/2026 09:08;1;;
Rancho do roma;450;;Vetado por decisão interna;09/02/2026 08:55;1;;
Sabor Gourmet;;"Smart POS PagBank;Auto Atendimento;Catraca;Integração;SmartPOS";Feature indisponível;03/02/2026 15:17;1;;
Nikolaos Loukopoulos;;;Não quis ouvir;04/02/2026 11:24;3;;
Delícias da Vó Divina Restaurante;;Robô de Whatsapp - pedidos;Feature indisponível;04/02/2026 14:17;1;;
Mr.Balmann;350;;Fechou com concorrente;20/02/2026 16:28;1;;
O Encontro;;;Budget;24/02/2026 14:32;;;
Espetinho;;;Budget;20/02/2026 17:08;;;
DPN;;;Não quis ouvir;02/03/2026 11:29;;;
Podemos 20;;Emissão de DANFE / NF;Feature indisponível;06/02/2026 16:40;1;;
Schmolz - Bickenbach;480;;Não é prioridade;02/03/2026 11:31;1;;
Helda;;"Auto Atendimento;Integração";Feature indisponível;11/02/2026 10:21;;;
Panino’s Cafeteria;;;Negócio em Duplicidade;20/02/2026 17:01;1;;
Casa do saulo;;Emissão de DANFE / NF;Feature indisponível;25/02/2026 11:33;;;
Prospectus NBN;;;Não tem Restaurante;20/02/2026 16:51;;;
Monalisa;;;Negócio em Duplicidade;20/02/2026 16:50;;;
Kami;;;Budget;25/02/2026 11:48;;;
Caravana BBQ;;;Fechou com concorrente;20/02/2026 16:48;;;
Pizzaria jjs;400;;Não é prioridade;25/02/2026 11:22;1;;
Beggiato Restaurante;;;Parou de responder;20/02/2026 16:32;1;;
Casa do Bubi;;Catraca;Feature indisponível;02/03/2026 11:12;1;;
